Date,Ticker,Split,Days_Since_Earnings,Target,Predicted_Label,Confidence,Primary_Driver,Internal_Magnitude,External_Magnitude,Total_Magnitude,Internal_Percentage,External_Percentage,Top_Internal_Feature,Top_Internal_SHAP,Top_External_Feature,Top_External_SHAP
2024-01-02,INFY,Validation,82,1,SELL,0.4134,EXTERNAL,0.173753,0.612941,0.786694,22.09,77.91,Days_Since_Earnings,-0.06714,SMA20_to_SMA50,0.139733
2024-01-02,RELIANCE,Validation,67,1,HOLD,0.5238,EXTERNAL,0.125041,0.719725,0.844766,14.8,85.2,Days_Since_Earnings,0.088894,VIX_Level,0.19599
2024-01-02,TCS,Validation,83,0,HOLD,0.4733,EXTERNAL,0.360079,1.068866,1.428945,25.2,74.8,Reported_EPS,0.152991,VIX_Level,0.30776
2024-01-03,INFY,Validation,83,2,SELL,0.4297,EXTERNAL,0.08498,0.473759,0.558739,15.21,84.79,EPS_Estimate,0.050061,SMA20_to_SMA50,0.126806
2024-01-03,RELIANCE,Validation,68,2,HOLD,0.4392,EXTERNAL,0.109684,0.700543,0.810228,13.54,86.46,Days_Since_Earnings,0.083393,VIX_Level,0.213207
2024-01-03,TCS,Validation,84,1,SELL,0.4654,EXTERNAL,0.140692,0.634822,0.775514,18.14,81.86,EPS_Estimate,0.05958,Normalized_ATR,0.19223
2024-01-04,INFY,Validation,84,1,SELL,0.4525,EXTERNAL,0.140661,0.51157,0.652231,21.57,78.43,EPS_Estimate,0.054234,SMA20_to_SMA50,0.137092
2024-01-04,RELIANCE,Validation,69,2,HOLD,0.4515,EXTERNAL,0.108186,0.639918,0.748104,14.46,85.54,Days_Since_Earnings,0.075111,VIX_Level,0.210575
2024-01-04,TCS,Validation,85,1,SELL,0.4592,EXTERNAL,0.171066,0.518311,0.689376,24.81,75.19,EPS_Estimate,0.057023,SMA20_to_SMA50,0.140669
2024-01-05,INFY,Validation,85,2,SELL,0.4338,EXTERNAL,0.127108,0.52324,0.650348,19.54,80.46,EPS_Estimate,0.053471,SMA20_to_SMA50,0.133691
2024-01-05,RELIANCE,Validation,70,2,HOLD,0.4572,EXTERNAL,0.118532,0.764591,0.883123,13.42,86.58,Days_Since_Earnings,0.07812,VIX_Level,0.216408
2024-01-05,TCS,Validation,86,2,HOLD,0.4517,EXTERNAL,0.41995,1.026152,1.446102,29.04,70.96,Days_Since_Earnings,-0.221102,VIX_Level,0.321929
2024-01-08,INFY,Validation,88,2,SELL,0.4219,EXTERNAL,0.162244,0.527303,0.689547,23.53,76.47,EPS_Estimate,0.061441,SMA20_to_SMA50,0.136816
2024-01-08,RELIANCE,Validation,73,2,HOLD,0.3899,EXTERNAL,0.110366,0.61285,0.723216,15.26,84.74,Days_Since_Earnings,0.077026,VIX_Level,0.13445
2024-01-08,TCS,Validation,89,2,HOLD,0.4367,EXTERNAL,0.525851,1.205069,1.73092,30.38,69.62,Days_Since_Earnings,-0.327607,Volume_to_MA20,0.285183
2024-01-09,INFY,Validation,89,2,SELL,0.4103,EXTERNAL,0.17301,0.574716,0.747726,23.14,76.86,EPS_Estimate,0.062359,SMA20_to_SMA50,0.136187
2024-01-09,RELIANCE,Validation,74,2,HOLD,0.4336,EXTERNAL,0.110513,0.702996,0.813509,13.58,86.42,Days_Since_Earnings,0.073643,Volume_to_MA20,0.16422
2024-01-09,TCS,Validation,90,2,HOLD,0.4671,EXTERNAL,0.546688,1.15962,1.706308,32.04,67.96,Days_Since_Earnings,-0.333133,VIX_Level,0.300597
2024-01-10,INFY,Validation,90,2,SELL,0.4319,EXTERNAL,0.16933,0.533372,0.702702,24.1,75.9,Days_Since_Earnings,0.061143,SMA20_to_SMA50,0.13923
2024-01-10,RELIANCE,Validation,75,2,HOLD,0.447,EXTERNAL,0.089734,0.677174,0.766908,11.7,88.3,Days_Since_Earnings,0.063708,VIX_Level,0.194297
2024-01-10,TCS,Validation,91,2,HOLD,0.4818,EXTERNAL,0.593633,1.072654,1.666287,35.63,64.37,Days_Since_Earnings,-0.319656,Volume_to_MA20,0.292102
2024-01-11,INFY,Validation,0,2,HOLD,0.3929,EXTERNAL,0.046634,0.721705,0.768339,6.07,93.93,EPS_Surprise_Pct,0.01435,VIX_Level,0.144296
2024-01-11,RELIANCE,Validation,76,1,BUY,0.4089,EXTERNAL,0.176772,0.726677,0.903449,19.57,80.43,Days_Since_Earnings,0.070222,SMA20_to_SMA50,-0.115223
2024-01-11,TCS,Validation,0,2,HOLD,0.4604,EXTERNAL,0.258084,0.741314,0.999399,25.82,74.18,Reported_EPS,0.165531,VIX_Level,0.208837
2024-01-12,INFY,Validation,1,2,HOLD,0.4735,EXTERNAL,0.0801,0.853708,0.933808,8.58,91.42,EPS_Surprise,0.02477,VIX_Level,0.207742
2024-01-12,RELIANCE,Validation,77,1,HOLD,0.4234,EXTERNAL,0.088645,0.761616,0.850261,10.43,89.57,Days_Since_Earnings,0.062237,VIX_Level,0.2164
2024-01-12,TCS,Validation,1,1,HOLD,0.5212,EXTERNAL,0.253598,0.686165,0.939763,26.99,73.01,Reported_EPS,0.164393,VIX_Level,0.19517
2024-01-15,INFY,Validation,4,1,SELL,0.4202,EXTERNAL,0.215059,0.721774,0.936833,22.96,77.04,Days_Since_Earnings,0.138208,Bollinger_PctB,-0.146604
2024-01-15,RELIANCE,Validation,80,0,HOLD,0.4618,EXTERNAL,0.055575,0.876112,0.931686,5.96,94.04,Days_Since_Earnings,-0.032443,VIX_Level,0.239595
2024-01-15,TCS,Validation,4,1,HOLD,0.4689,EXTERNAL,0.223276,0.867757,1.091033,20.46,79.54,Reported_EPS,0.145334,VIX_Level,0.245964
2024-01-16,INFY,Validation,5,2,SELL,0.4198,EXTERNAL,0.225869,0.723391,0.94926,23.79,76.21,Days_Since_Earnings,0.146623,Bollinger_PctB,-0.143944
2024-01-16,RELIANCE,Validation,81,0,HOLD,0.3855,EXTERNAL,0.044299,0.685697,0.729996,6.07,93.93,Days_Since_Earnings,-0.019862,VIX_Level,0.259021
2024-01-16,TCS,Validation,5,1,SELL,0.5398,EXTERNAL,0.228042,0.766681,0.994723,22.93,77.07,Days_Since_Earnings,0.119959,SMA20_to_SMA50,0.141456
2024-01-17,INFY,Validation,6,1,SELL,0.4501,EXTERNAL,0.23583,0.745578,0.981408,24.03,75.97,Days_Since_Earnings,0.159748,SMA20_to_SMA50,0.120617
2024-01-17,RELIANCE,Validation,82,1,SELL,0.4286,EXTERNAL,0.208652,0.901748,1.110401,18.79,81.21,EPS_Surprise_Pct,-0.080506,Normalized_ATR,0.167783
2024-01-17,TCS,Validation,6,1,HOLD,0.4584,EXTERNAL,0.26876,0.640711,0.909471,29.55,70.45,Reported_EPS,0.190797,Open_Close_Spread_Pct,0.12815
2024-01-18,INFY,Validation,7,1,HOLD,0.4936,EXTERNAL,0.054424,0.95341,1.007834,5.4,94.6,EPS_Surprise,0.014657,VIX_Level,0.27502
2024-01-18,RELIANCE,Validation,83,2,SELL,0.4047,EXTERNAL,0.196299,0.786622,0.98292,19.97,80.03,EPS_Surprise_Pct,-0.093024,Normalized_ATR,0.163392
2024-01-18,TCS,Validation,7,0,SELL,0.4439,EXTERNAL,0.258882,0.836133,1.095016,23.64,76.36,Days_Since_Earnings,0.179354,SMA20_to_SMA50,0.183761
2024-01-19,INFY,Validation,8,1,HOLD,0.4603,EXTERNAL,0.049218,0.802468,0.851686,5.78,94.22,Reported_EPS,-0.018532,VIX_Level,0.26874
2024-01-19,RELIANCE,Validation,0,2,SELL,0.5539,EXTERNAL,0.274994,0.756418,1.031411,26.66,73.34,Days_Since_Earnings,0.171066,SMA20_to_SMA50,0.160704
2024-01-19,TCS,Validation,8,0,HOLD,0.4346,EXTERNAL,0.265959,0.650618,0.916578,29.02,70.98,Reported_EPS,0.188017,VIX_Level,0.189328
2024-01-23,INFY,Validation,12,1,HOLD,0.4081,EXTERNAL,0.049874,0.739695,0.789569,6.32,93.68,EPS_Surprise,0.015886,VIX_Level,0.237689
2024-01-23,RELIANCE,Validation,4,2,SELL,0.5042,EXTERNAL,0.213829,0.745174,0.959003,22.3,77.7,Days_Since_Earnings,0.134868,Normalized_ATR,0.173764
2024-01-23,TCS,Validation,12,1,SELL,0.4242,EXTERNAL,0.158608,0.630084,0.788693,20.11,79.89,Days_Since_Earnings,-0.065599,SMA20_to_SMA50,0.131965
2024-01-24,INFY,Validation,13,1,HOLD,0.4136,EXTERNAL,0.065653,0.701019,0.766672,8.56,91.44,EPS_Surprise,0.018623,VIX_Level,0.260666
2024-01-24,RELIANCE,Validation,5,2,SELL,0.5365,EXTERNAL,0.243786,0.718477,0.962263,25.33,74.67,Days_Since_Earnings,0.164543,Normalized_ATR,0.172272
2024-01-24,TCS,Validation,13,1,SELL,0.4172,EXTERNAL,0.162587,0.517522,0.680108,23.91,76.09,Days_Since_Earnings,-0.059523,SMA20_to_SMA50,0.100398
2024-01-25,INFY,Validation,14,1,HOLD,0.4129,EXTERNAL,0.08206,0.740328,0.822389,9.98,90.02,Days_Since_Earnings,0.042056,VIX_Level,0.259996
2024-01-25,RELIANCE,Validation,6,2,SELL,0.5366,EXTERNAL,0.216854,0.689997,0.906852,23.91,76.09,Days_Since_Earnings,0.134309,Normalized_ATR,0.178065
2024-01-25,TCS,Validation,14,2,SELL,0.4272,EXTERNAL,0.247182,0.431345,0.678527,36.43,63.57,Days_Since_Earnings,-0.133145,Normalized_ATR,0.089455
2024-01-29,INFY,Validation,18,1,HOLD,0.389,EXTERNAL,0.10316,0.599974,0.703134,14.67,85.33,Days_Since_Earnings,0.052162,Volume_to_MA20,0.200964
2024-01-29,RELIANCE,Validation,10,1,SELL,0.4401,EXTERNAL,0.239764,0.698359,0.938124,25.56,74.44,Days_Since_Earnings,0.164385,SMA20_to_SMA50,0.141942
2024-01-29,TCS,Validation,18,2,HOLD,0.4085,EXTERNAL,0.2767,0.459931,0.736632,37.56,62.44,Reported_EPS,0.185507,Volume_to_MA20,0.069326
2024-01-30,INFY,Validation,19,2,SELL,0.4224,EXTERNAL,0.19028,0.634923,0.825203,23.06,76.94,Days_Since_Earnings,-0.086909,SMA20_to_SMA50,0.129161
2024-01-30,RELIANCE,Validation,11,1,SELL,0.4849,EXTERNAL,0.13083,0.610764,0.741593,17.64,82.36,Days_Since_Earnings,0.055383,SMA20_to_SMA50,0.128717
2024-01-30,TCS,Validation,19,2,HOLD,0.4337,EXTERNAL,0.285475,0.495393,0.780868,36.56,63.44,Reported_EPS,0.182874,Volume_to_MA20,0.197224
2024-01-31,INFY,Validation,20,1,SELL,0.4541,EXTERNAL,0.199693,0.631905,0.831598,24.01,75.99,Days_Since_Earnings,-0.086704,RSI_14,0.126548
2024-01-31,RELIANCE,Validation,12,1,SELL,0.413,EXTERNAL,0.087966,0.667789,0.755755,11.64,88.36,Reported_EPS,0.03341,SMA20_to_SMA50,0.14508
2024-01-31,TCS,Validation,20,2,SELL,0.4002,EXTERNAL,0.241655,0.617858,0.859512,28.12,71.88,Days_Since_Earnings,-0.116649,Normalized_ATR,0.179749
2024-02-01,INFY,Validation,21,2,HOLD,0.4111,EXTERNAL,0.087993,0.758958,0.846951,10.39,89.61,Days_Since_Earnings,0.042798,VIX_Level,0.230318
2024-02-01,RELIANCE,Validation,13,1,HOLD,0.405,EXTERNAL,0.044337,0.74491,0.789246,5.62,94.38,EPS_Surprise_Pct,0.01338,VIX_Level,0.261883
2024-02-01,TCS,Validation,21,2,SELL,0.4075,EXTERNAL,0.223116,0.548147,0.771263,28.93,71.07,Days_Since_Earnings,-0.112496,Normalized_ATR,0.183033
2024-02-02,INFY,Validation,22,1,HOLD,0.4359,EXTERNAL,0.103617,0.822656,0.926273,11.19,88.81,Days_Since_Earnings,0.049986,VIX_Level,0.23304
2024-02-02,RELIANCE,Validation,14,1,HOLD,0.4324,EXTERNAL,0.092961,0.744538,0.837499,11.1,88.9,Days_Since_Earnings,0.026804,VIX_Level,0.245945
2024-02-02,TCS,Validation,22,2,HOLD,0.5254,EXTERNAL,0.303679,0.679502,0.983181,30.89,69.11,Reported_EPS,0.179345,VIX_Level,0.131076
2024-02-05,INFY,Validation,25,1,SELL,0.4807,EXTERNAL,0.146539,0.564266,0.710805,20.62,79.38,Days_Since_Earnings,-0.041529,SMA20_to_SMA50,0.129298
2024-02-05,RELIANCE,Validation,17,1,SELL,0.4305,EXTERNAL,0.139431,0.638988,0.778419,17.91,82.09,Days_Since_Earnings,-0.05881,SMA20_to_SMA50,0.125032
2024-02-05,TCS,Validation,25,2,HOLD,0.4304,EXTERNAL,0.287773,0.428504,0.716278,40.18,59.82,Reported_EPS,0.184305,VIX_Level,-0.071702
2024-02-06,INFY,Validation,26,0,SELL,0.3667,EXTERNAL,0.096275,0.831174,0.927449,10.38,89.62,EPS_Estimate,0.027626,Volume_Change,-0.173389
2024-02-06,RELIANCE,Validation,18,2,SELL,0.461,EXTERNAL,0.169966,0.616164,0.78613,21.62,78.38,Days_Since_Earnings,-0.095037,SMA20_to_SMA50,0.126366
2024-02-06,TCS,Validation,26,1,HOLD,0.4464,EXTERNAL,0.275729,0.675822,0.951551,28.98,71.02,Reported_EPS,0.185399,Bollinger_PctB,0.119786
2024-02-07,INFY,Validation,27,1,SELL,0.4039,EXTERNAL,0.147373,0.588683,0.736055,20.02,79.98,Days_Since_Earnings,-0.047339,RSI_14,0.118419
2024-02-07,RELIANCE,Validation,19,2,SELL,0.4606,EXTERNAL,0.170364,0.590722,0.761087,22.38,77.62,Days_Since_Earnings,-0.085535,SMA20_to_SMA50,0.126898
2024-02-07,TCS,Validation,27,1,SELL,0.4135,EXTERNAL,0.105524,0.734477,0.840001,12.56,87.44,EPS_Estimate,0.035212,Bollinger_PctB,-0.140835
2024-02-08,INFY,Validation,28,1,SELL,0.5003,EXTERNAL,0.114939,0.640604,0.755542,15.21,84.79,EPS_Estimate,0.042761,RSI_14,0.135685
2024-02-08,RELIANCE,Validation,20,1,SELL,0.4902,EXTERNAL,0.128838,0.561401,0.690239,18.67,81.33,Days_Since_Earnings,-0.042255,SMA20_to_SMA50,0.116893
2024-02-08,TCS,Validation,28,1,SELL,0.4562,EXTERNAL,0.106639,0.718964,0.825603,12.92,87.08,Reported_EPS,0.032943,Bollinger_PctB,-0.119922
2024-02-09,INFY,Validation,29,1,SELL,0.4023,EXTERNAL,0.150309,0.480217,0.630526,23.84,76.16,EPS_Estimate,0.050066,SMA20_to_SMA50,0.116257
2024-02-09,RELIANCE,Validation,21,1,SELL,0.485,EXTERNAL,0.125803,0.559543,0.685346,18.36,81.64,Reported_EPS,0.045048,SMA20_to_SMA50,0.145496
2024-02-09,TCS,Validation,29,1,SELL,0.4621,EXTERNAL,0.128645,0.728177,0.856823,15.01,84.99,Reported_EPS,0.037421,Bollinger_PctB,-0.122983
2024-02-12,INFY,Validation,32,1,SELL,0.4219,EXTERNAL,0.141162,0.498614,0.639776,22.06,77.94,EPS_Estimate,0.045733,SMA20_to_SMA50,0.119575
2024-02-12,RELIANCE,Validation,24,1,SELL,0.4486,EXTERNAL,0.143845,0.579188,0.723033,19.89,80.11,Days_Since_Earnings,-0.055833,SMA20_to_SMA50,0.121983
2024-02-12,TCS,Validation,32,0,HOLD,0.4632,EXTERNAL,0.353176,0.718751,1.071927,32.95,67.05,Reported_EPS,0.221999,Volume_to_MA20,0.258218
2024-02-13,INFY,Validation,33,1,SELL,0.4677,EXTERNAL,0.134182,0.545046,0.679228,19.76,80.24,EPS_Estimate,0.046232,SMA20_to_SMA50,0.155358
2024-02-13,RELIANCE,Validation,25,1,SELL,0.4556,EXTERNAL,0.170898,0.65127,0.822168,20.79,79.21,Days_Since_Earnings,-0.076792,SMA20_to_SMA50,0.144349
2024-02-13,TCS,Validation,33,0,HOLD,0.5045,EXTERNAL,0.374749,0.750687,1.125436,33.3,66.7,Reported_EPS,0.242846,Volume_to_MA20,0.329918
2024-02-14,INFY,Validation,34,1,SELL,0.4148,EXTERNAL,0.146355,0.511366,0.657721,22.25,77.75,EPS_Estimate,0.051239,SMA20_to_SMA50,0.148819
2024-02-14,RELIANCE,Validation,26,1,SELL,0.441,EXTERNAL,0.138939,0.650105,0.789043,17.61,82.39,Reported_EPS,0.046203,SMA20_to_SMA50,0.158552
2024-02-14,TCS,Validation,34,1,HOLD,0.4272,EXTERNAL,0.334273,0.631011,0.965284,34.63,65.37,Reported_EPS,0.195719,Volume_to_MA20,0.217412
2024-02-15,INFY,Validation,35,1,SELL,0.4463,EXTERNAL,0.138025,0.543781,0.681806,20.24,79.76,EPS_Estimate,0.045039,SMA20_to_SMA50,0.149533
2024-02-15,RELIANCE,Validation,27,1,SELL,0.4636,EXTERNAL,0.150162,0.692825,0.842987,17.81,82.19,Days_Since_Earnings,-0.052408,SMA20_to_SMA50,0.138537
2024-02-15,TCS,Validation,35,1,HOLD,0.4329,EXTERNAL,0.300532,0.739976,1.040508,28.88,71.12,Reported_EPS,0.199862,Volume_to_MA20,0.315427
2024-02-16,INFY,Validation,36,0,SELL,0.493,EXTERNAL,0.14905,0.640469,0.78952,18.88,81.12,EPS_Estimate,0.050141,SMA20_to_SMA50,0.163557
2024-02-16,RELIANCE,Validation,28,1,SELL,0.4604,EXTERNAL,0.109213,0.695093,0.804306,13.58,86.42,Reported_EPS,0.044081,SMA20_to_SMA50,0.135753
2024-02-16,TCS,Validation,36,0,HOLD,0.4352,EXTERNAL,0.275243,0.6527,0.927943,29.66,70.34,Reported_EPS,0.178302,Volume_to_MA20,0.224806
2024-02-20,INFY,Validation,40,1,SELL,0.406,EXTERNAL,0.138505,0.526525,0.66503,20.83,79.17,EPS_Estimate,0.051465,SMA20_to_SMA50,0.149215
2024-02-20,RELIANCE,Validation,32,1,SELL,0.4738,EXTERNAL,0.090957,0.750903,0.84186,10.8,89.2,Reported_EPS,0.037924,Normalized_ATR,0.155357
2024-02-20,TCS,Validation,40,1,HOLD,0.443,EXTERNAL,0.298488,0.608632,0.90712,32.91,67.09,Reported_EPS,0.187824,Volume_to_MA20,0.270961
2024-02-21,INFY,Validation,41,1,SELL,0.428,EXTERNAL,0.133757,0.502623,0.63638,21.02,78.98,EPS_Estimate,0.049868,SMA20_to_SMA50,0.141951
2024-02-21,RELIANCE,Validation,33,1,SELL,0.5316,EXTERNAL,0.102211,0.806818,0.90903,11.24,88.76,Reported_EPS,0.040529,Normalized_ATR,0.158928
2024-02-21,TCS,Validation,41,2,SELL,0.429,EXTERNAL,0.134112,0.540004,0.674115,19.89,80.11,EPS_Surprise_Pct,-0.044573,SMA20_to_SMA50,0.089457
2024-02-22,INFY,Validation,42,1,SELL,0.4506,EXTERNAL,0.125913,0.519668,0.64558,19.5,80.5,EPS_Estimate,0.049593,SMA20_to_SMA50,0.153621
2024-02-22,RELIANCE,Validation,34,1,SELL,0.5149,EXTERNAL,0.103955,0.737184,0.841139,12.36,87.64,Reported_EPS,0.040704,Normalized_ATR,0.165912
2024-02-22,TCS,Validation,42,1,HOLD,0.4176,EXTERNAL,0.240808,0.564217,0.805024,29.91,70.09,Reported_EPS,0.163209,Volume_to_MA20,-0.099111
2024-02-23,INFY,Validation,43,1,SELL,0.4279,EXTERNAL,0.129816,0.5341,0.663916,19.55,80.45,EPS_Estimate,0.049627,SMA20_to_SMA50,0.145638
2024-02-23,RELIANCE,Validation,35,1,SELL,0.4471,EXTERNAL,0.113795,0.691914,0.805708,14.12,85.88,Reported_EPS,0.042555,Normalized_ATR,0.164488
2024-02-23,TCS,Validation,43,1,HOLD,0.4294,EXTERNAL,0.173775,0.667181,0.840956,20.66,79.34,Reported_EPS,0.10341,VIX_Level,0.156852
2024-02-26,INFY,Validation,46,1,HOLD,0.3964,EXTERNAL,0.105517,0.561971,0.667488,15.81,84.19,Days_Since_Earnings,0.051393,Volume_to_MA20,0.213162
2024-02-26,RELIANCE,Validation,38,1,SELL,0.4837,EXTERNAL,0.14296,0.821374,0.964334,14.82,85.18,Reported_EPS,0.042038,Normalized_ATR,0.149902
2024-02-26,TCS,Validation,46,1,HOLD,0.4438,EXTERNAL,0.221252,0.478964,0.700217,31.6,68.4,Reported_EPS,0.134688,Normalized_MACD_Hist,0.10643
2024-02-27,INFY,Validation,47,0,SELL,0.4147,EXTERNAL,0.117813,0.551891,0.669704,17.59,82.41,EPS_Estimate,0.054685,SMA20_to_SMA50,0.162021
2024-02-27,RELIANCE,Validation,39,1,SELL,0.5618,EXTERNAL,0.142974,0.759642,0.902616,15.84,84.16,Reported_EPS,0.04661,Normalized_ATR,0.177035
2024-02-27,TCS,Validation,47,0,HOLD,0.455,EXTERNAL,0.28941,0.562946,0.852357,33.95,66.05,Reported_EPS,0.183644,Volume_to_MA20,-0.099948
2024-02-28,INFY,Validation,48,0,SELL,0.3751,EXTERNAL,0.114855,0.630765,0.74562,15.4,84.6,EPS_Estimate,0.05718,SMA20_to_SMA50,0.161785
2024-02-28,RELIANCE,Validation,40,2,SELL,0.4444,EXTERNAL,0.119665,0.754637,0.874302,13.69,86.31,Reported_EPS,0.039723,Normalized_ATR,0.196037
2024-02-28,TCS,Validation,48,1,SELL,0.4384,EXTERNAL,0.116397,0.577585,0.693982,16.77,83.23,EPS_Estimate,0.041516,SMA20_to_SMA50,0.145489
2024-02-29,INFY,Validation,49,0,SELL,0.3506,EXTERNAL,0.130597,0.755946,0.886544,14.73,85.27,EPS_Estimate,0.055111,Volume_Change,-0.161518
2024-02-29,RELIANCE,Validation,41,1,SELL,0.4049,EXTERNAL,0.114824,0.857999,0.972823,11.8,88.2,EPS_Surprise_Pct,-0.037489,Normalized_ATR,0.203952
2024-02-29,TCS,Validation,49,1,SELL,0.4311,EXTERNAL,0.107056,0.498418,0.605474,17.68,82.32,Reported_EPS,0.040392,SMA20_to_SMA50,0.130944
2024-03-01,INFY,Validation,50,0,HOLD,0.3764,EXTERNAL,0.086107,0.532734,0.618841,13.91,86.09,Days_Since_Earnings,0.045135,Normalized_MACD_Hist,0.132857
2024-03-01,RELIANCE,Validation,42,1,SELL,0.4764,EXTERNAL,0.114854,0.876791,0.991645,11.58,88.42,Reported_EPS,0.038564,Normalized_ATR,0.187927
2024-03-01,TCS,Validation,50,1,HOLD,0.4496,EXTERNAL,0.305003,0.555314,0.860316,35.45,64.55,Reported_EPS,0.209641,NIFTY_Return_1d,0.076862
2024-03-04,INFY,Validation,53,1,HOLD,0.4652,EXTERNAL,0.088953,0.7268,0.815752,10.9,89.1,Days_Since_Earnings,0.032955,VIX_Level,0.233374
2024-03-04,RELIANCE,Validation,45,0,SELL,0.4718,EXTERNAL,0.109287,0.935054,1.04434,10.46,89.54,Reported_EPS,0.041838,SMA20_to_SMA50,0.192764
2024-03-04,TCS,Validation,53,2,HOLD,0.4951,EXTERNAL,0.284036,0.70735,0.991387,28.65,71.35,Reported_EPS,0.187919,VIX_Level,0.214431
2024-03-05,INFY,Validation,54,1,HOLD,0.5011,EXTERNAL,0.091389,0.94512,1.036509,8.82,91.18,Days_Since_Earnings,0.035789,VIX_Level,0.286357
2024-03-05,RELIANCE,Validation,46,0,SELL,0.4938,EXTERNAL,0.116189,0.806074,0.922263,12.6,87.4,Reported_EPS,0.042881,SMA20_to_SMA50,0.182455
2024-03-05,TCS,Validation,54,2,SELL,0.4233,EXTERNAL,0.154997,0.528492,0.683489,22.68,77.32,EPS_Estimate,0.062157,SMA20_to_SMA50,0.144385
2024-03-06,INFY,Validation,55,2,HOLD,0.4571,EXTERNAL,0.075185,0.880656,0.95584,7.87,92.13,Days_Since_Earnings,0.028507,VIX_Level,0.263504
2024-03-06,RELIANCE,Validation,47,0,SELL,0.4533,EXTERNAL,0.108662,0.929272,1.037934,10.47,89.53,Reported_EPS,0.04313,SMA20_to_SMA50,0.194407
2024-03-06,TCS,Validation,55,2,SELL,0.4253,EXTERNAL,0.124996,0.54316,0.668156,18.71,81.29,EPS_Estimate,0.04121,SMA20_to_SMA50,0.167706
2024-03-07,INFY,Validation,56,1,HOLD,0.403,EXTERNAL,0.081237,0.722935,0.804172,10.1,89.9,Days_Since_Earnings,0.030003,VIX_Level,0.209795
2024-03-07,RELIANCE,Validation,48,0,SELL,0.4675,EXTERNAL,0.090112,0.724266,0.814379,11.07,88.93,Reported_EPS,0.039969,Normalized_ATR,0.188113
2024-03-07,TCS,Validation,56,2,SELL,0.4584,EXTERNAL,0.145811,0.56931,0.715122,20.39,79.61,EPS_Estimate,0.055982,SMA20_to_SMA50,0.163551
2024-03-11,INFY,Validation,60,1,HOLD,0.4272,EXTERNAL,0.092912,0.922114,1.015026,9.15,90.85,Days_Since_Earnings,0.036238,VIX_Level,0.257525
2024-03-11,RELIANCE,Validation,52,1,SELL,0.4481,EXTERNAL,0.092079,0.691526,0.783606,11.75,88.25,Reported_EPS,0.041462,Normalized_ATR,0.191395
2024-03-11,TCS,Validation,60,1,SELL,0.4189,EXTERNAL,0.125296,0.506757,0.632053,19.82,80.18,EPS_Surprise_Pct,-0.044825,SMA20_to_SMA50,0.116709
2024-03-12,INFY,Validation,61,0,SELL,0.4237,EXTERNAL,0.134765,0.457193,0.591959,22.77,77.23,EPS_Estimate,0.041584,Return_21d,0.123147
2024-03-12,RELIANCE,Validation,53,0,SELL,0.4541,EXTERNAL,0.096262,0.690214,0.786476,12.24,87.76,Reported_EPS,0.039307,Normalized_ATR,0.198
2024-03-12,TCS,Validation,61,0,HOLD,0.4682,EXTERNAL,0.274466,0.803044,1.077509,25.47,74.53,Reported_EPS,0.175767,Bollinger_PctB,0.151346
2024-03-13,INFY,Validation,62,0,SELL,0.4207,EXTERNAL,0.135142,0.548437,0.683579,19.77,80.23,Days_Since_Earnings,-0.04667,Return_21d,0.159146
2024-03-13,RELIANCE,Validation,54,1,HOLD,0.5028,EXTERNAL,0.079888,0.90474,0.984628,8.11,91.89,Days_Since_Earnings,0.034616,VIX_Level,0.258821
2024-03-13,TCS,Validation,62,0,SELL,0.3962,EXTERNAL,0.15147,0.535735,0.687205,22.04,77.96,Days_Since_Earnings,-0.047847,SMA20_to_SMA50,0.086388
2024-03-14,INFY,Validation,63,0,HOLD,0.4396,EXTERNAL,0.091932,0.560951,0.652883,14.08,85.92,Days_Since_Earnings,0.035024,VIX_Level,0.123495
2024-03-14,RELIANCE,Validation,55,1,HOLD,0.4564,EXTERNAL,0.081942,0.860232,0.942174,8.7,91.3,Days_Since_Earnings,0.033723,VIX_Level,0.261941
2024-03-14,TCS,Validation,63,0,HOLD,0.5076,EXTERNAL,0.256415,0.870974,1.12739,22.74,77.26,Reported_EPS,0.145174,Bollinger_PctB,0.152106
2024-03-15,INFY,Validation,64,0,SELL,0.3686,EXTERNAL,0.131587,0.408273,0.53986,24.37,75.63,Days_Since_Earnings,-0.058503,Normalized_ATR,0.077941
2024-03-15,RELIANCE,Validation,56,2,HOLD,0.4496,EXTERNAL,0.081504,0.947431,1.028934,7.92,92.08,Days_Since_Earnings,0.033841,VIX_Level,0.262577
2024-03-15,TCS,Validation,64,0,HOLD,0.4863,EXTERNAL,0.296541,0.655068,0.951609,31.16,68.84,Reported_EPS,0.183542,VIX_Level,0.160497
2024-03-18,INFY,Validation,67,0,SELL,0.3928,EXTERNAL,0.194771,0.447204,0.641975,30.34,69.66,Days_Since_Earnings,-0.120832,Return_21d,0.172618
2024-03-18,RELIANCE,Validation,59,1,HOLD,0.4739,EXTERNAL,0.075181,0.666605,0.741786,10.14,89.86,Days_Since_Earnings,0.024342,Normalized_MACD_Hist,0.193197
2024-03-18,TCS,Validation,67,0,HOLD,0.4471,EXTERNAL,0.321436,0.620937,0.942373,34.11,65.89,Reported_EPS,0.168312,Volume_to_MA20,0.144656
2024-03-19,INFY,Validation,68,0,HOLD,0.5098,EXTERNAL,0.16358,0.881158,1.044738,15.66,84.34,Days_Since_Earnings,0.090457,VIX_Level,0.237667
2024-03-19,RELIANCE,Validation,60,2,HOLD,0.4891,EXTERNAL,0.087511,0.774623,0.862133,10.15,89.85,Days_Since_Earnings,0.030593,Normalized_MACD_Hist,0.217729
2024-03-19,TCS,Validation,68,0,HOLD,0.5402,EXTERNAL,0.212253,0.575326,0.78758,26.95,73.05,Reported_EPS,0.098256,VIX_Level,0.166628
2024-03-20,INFY,Validation,69,0,HOLD,0.5019,EXTERNAL,0.153552,0.728106,0.881657,17.42,82.58,Days_Since_Earnings,0.087492,VIX_Level,0.239723
2024-03-20,RELIANCE,Validation,61,2,HOLD,0.4529,EXTERNAL,0.092368,0.62549,0.717858,12.87,87.13,Days_Since_Earnings,0.034293,Normalized_MACD_Hist,0.173657
2024-03-20,TCS,Validation,69,0,HOLD,0.5653,EXTERNAL,0.257738,0.73985,0.997588,25.84,74.16,Reported_EPS,0.137817,VIX_Level,0.132256
2024-03-21,INFY,Validation,70,0,HOLD,0.4681,EXTERNAL,0.152216,0.731099,0.883315,17.23,82.77,Days_Since_Earnings,0.093315,VIX_Level,0.194323
2024-03-21,RELIANCE,Validation,62,2,HOLD,0.478,EXTERNAL,0.081939,0.662988,0.744927,11.0,89.0,Days_Since_Earnings,0.034886,VIX_Level,0.202199
2024-03-21,TCS,Validation,70,1,HOLD,0.5055,EXTERNAL,0.250362,0.73887,0.989232,25.31,74.69,Reported_EPS,0.139767,VIX_Level,0.199894
2024-03-22,INFY,Validation,71,1,HOLD,0.5315,EXTERNAL,0.158031,0.90586,1.063891,14.85,85.15,Days_Since_Earnings,0.091751,VIX_Level,0.21398
2024-03-22,RELIANCE,Validation,63,2,HOLD,0.5104,EXTERNAL,0.080121,0.685264,0.765385,10.47,89.53,Days_Since_Earnings,0.030387,VIX_Level,0.214487
2024-03-22,TCS,Validation,71,1,HOLD,0.5975,EXTERNAL,0.252193,0.882841,1.135035,22.22,77.78,Reported_EPS,0.132566,VIX_Level,0.240077
2024-03-26,INFY,Validation,75,1,HOLD,0.4963,EXTERNAL,0.150435,0.934868,1.085303,13.86,86.14,Days_Since_Earnings,0.086206,VIX_Level,0.216832
2024-03-26,RELIANCE,Validation,67,2,HOLD,0.4635,EXTERNAL,0.140565,0.628222,0.768787,18.28,81.72,Days_Since_Earnings,0.088025,VIX_Level,0.175356
2024-03-26,TCS,Validation,75,1,HOLD,0.5494,EXTERNAL,0.234867,0.945053,1.17992,19.91,80.09,Reported_EPS,0.118087,VIX_Level,0.265574
2024-03-27,INFY,Validation,76,1,HOLD,0.4866,EXTERNAL,0.126576,1.122069,1.248645,10.14,89.86,Days_Since_Earnings,0.06561,VIX_Level,0.309137
2024-03-27,RELIANCE,Validation,68,0,HOLD,0.4301,EXTERNAL,0.133391,0.656986,0.790377,16.88,83.12,Days_Since_Earnings,0.078068,VIX_Level,0.162714
2024-03-27,TCS,Validation,76,2,HOLD,0.6128,EXTERNAL,0.280011,1.173738,1.453749,19.26,80.74,Reported_EPS,0.160005,VIX_Level,0.291054
2024-03-28,INFY,Validation,77,1,HOLD,0.4353,EXTERNAL,0.133278,0.67094,0.804218,16.57,83.43,Days_Since_Earnings,0.076035,VIX_Level,0.175546
2024-03-28,RELIANCE,Validation,69,1,HOLD,0.379,EXTERNAL,0.128695,0.589716,0.718412,17.91,82.09,Days_Since_Earnings,0.086742,VIX_Level,0.148582
2024-03-28,TCS,Validation,77,2,HOLD,0.4773,EXTERNAL,0.262047,0.757643,1.019689,25.7,74.3,Reported_EPS,0.151712,VIX_Level,0.20134
2024-04-01,INFY,Validation,81,1,HOLD,0.4334,EXTERNAL,0.072098,0.908296,0.980393,7.35,92.65,EPS_Surprise_Pct,0.02083,VIX_Level,0.226984
2024-04-01,RELIANCE,Validation,73,1,HOLD,0.5003,EXTERNAL,0.143254,0.679008,0.822262,17.42,82.58,Days_Since_Earnings,0.082005,VIX_Level,0.171301
2024-04-01,TCS,Validation,81,1,HOLD,0.5849,EXTERNAL,0.289629,0.824467,1.114096,26.0,74.0,Reported_EPS,0.236901,Volume_to_MA20,0.236786
2024-04-02,INFY,Validation,82,1,HOLD,0.4424,EXTERNAL,0.107838,1.065487,1.173326,9.19,90.81,Days_Since_Earnings,-0.035916,VIX_Level,0.320182
2024-04-02,RELIANCE,Validation,74,1,HOLD,0.4064,EXTERNAL,0.124724,0.526042,0.650766,19.17,80.83,Days_Since_Earnings,0.076746,VIX_Level,0.207042
2024-04-02,TCS,Validation,82,1,HOLD,0.4554,EXTERNAL,0.329176,0.791453,1.120628,29.37,70.63,Reported_EPS,0.173762,VIX_Level,0.243378
2024-04-03,INFY,Validation,83,1,HOLD,0.4029,EXTERNAL,0.184546,0.798889,0.983435,18.77,81.23,Days_Since_Earnings,-0.101837,VIX_Level,0.283567
2024-04-03,RELIANCE,Validation,75,1,HOLD,0.4023,EXTERNAL,0.136347,0.637658,0.774005,17.62,82.38,Days_Since_Earnings,0.084064,VIX_Level,0.148764
2024-04-03,TCS,Validation,83,1,HOLD,0.4128,EXTERNAL,0.430933,0.682378,1.113311,38.71,61.29,Days_Since_Earnings,-0.191985,VIX_Level,0.210716
2024-04-04,INFY,Validation,84,1,HOLD,0.3863,EXTERNAL,0.269125,0.773931,1.043056,25.8,74.2,Days_Since_Earnings,-0.191685,VIX_Level,0.229322
2024-04-04,RELIANCE,Validation,76,1,SELL,0.3478,EXTERNAL,0.11187,0.593824,0.705694,15.85,84.15,Days_Since_Earnings,-0.065084,Normalized_ATR,0.193213
2024-04-04,TCS,Validation,84,1,HOLD,0.4386,EXTERNAL,0.544592,0.675481,1.220073,44.64,55.36,Days_Since_Earnings,-0.238758,VIX_Level,0.262305
2024-04-05,INFY,Validation,85,1,HOLD,0.4574,EXTERNAL,0.299796,0.914891,1.214686,24.68,75.32,Days_Since_Earnings,-0.205396,VIX_Level,0.232657
2024-04-05,RELIANCE,Validation,77,1,SELL,0.395,EXTERNAL,0.077295,0.732765,0.810061,9.54,90.46,Days_Since_Earnings,-0.046604,Return_21d,0.190292
2024-04-05,TCS,Validation,85,1,HOLD,0.4763,EXTERNAL,0.637227,0.772707,1.409934,45.2,54.8,Reported_EPS,0.29372,Volume_to_MA20,0.217315
2024-04-08,INFY,Validation,88,0,BUY,0.4038,EXTERNAL,0.086218,0.962331,1.048549,8.22,91.78,Days_Since_Earnings,0.031862,VIX_Level,-0.163784
2024-04-08,RELIANCE,Validation,80,1,HOLD,0.3801,EXTERNAL,0.076033,0.606488,0.682521,11.14,88.86,EPS_Surprise,0.031702,VIX_Level,0.181017
2024-04-08,TCS,Validation,88,0,SELL,0.3871,EXTERNAL,0.187701,0.351657,0.539358,34.8,65.2,Days_Since_Earnings,0.103528,Return_21d,-0.068835
2024-04-09,INFY,Validation,89,0,BUY,0.4526,EXTERNAL,0.084596,0.970292,1.054889,8.02,91.98,EPS_Surprise,-0.02901,RSI_14,0.147974
2024-04-09,RELIANCE,Validation,81,1,HOLD,0.3934,EXTERNAL,0.064387,0.708372,0.772758,8.33,91.67,EPS_Surprise,0.032937,Volume_to_MA20,0.186643
2024-04-09,TCS,Validation,89,0,HOLD,0.4048,EXTERNAL,0.660778,0.776221,1.436999,45.98,54.02,Days_Since_Earnings,-0.325312,Volume_to_MA20,0.205384
2024-04-10,INFY,Validation,90,0,BUY,0.3731,EXTERNAL,0.098502,0.877809,0.976311,10.09,89.91,EPS_Surprise,-0.035142,VIX_Level,-0.154573
2024-04-10,RELIANCE,Validation,82,1,HOLD,0.3659,EXTERNAL,0.134768,0.563539,0.698306,19.3,80.7,Days_Since_Earnings,-0.064738,VIX_Level,0.23171
2024-04-10,TCS,Validation,90,0,SELL,0.4292,EXTERNAL,0.184922,0.376591,0.561513,32.93,67.07,Days_Since_Earnings,0.119597,SMA20_to_SMA50,-0.083666
2024-04-12,INFY,Validation,92,0,BUY,0.4714,EXTERNAL,0.095416,0.810044,0.905461,10.54,89.46,Days_Since_Earnings,0.028778,VIX_Level,-0.117014
2024-04-12,RELIANCE,Validation,84,1,SELL,0.336,EXTERNAL,0.068991,0.551397,0.620388,11.12,88.88,EPS_Surprise_Pct,-0.028121,Normalized_ATR,0.166932
2024-04-12,TCS,Validation,0,0,HOLD,0.3547,EXTERNAL,0.309421,0.569547,0.878969,35.2,64.8,Reported_EPS,0.170749,VIX_Level,0.168825
2024-04-15,INFY,Validation,95,1,BUY,0.4164,EXTERNAL,0.082135,0.794637,0.876772,9.37,90.63,EPS_Surprise,-0.026236,RSI_14,0.109207
2024-04-15,RELIANCE,Validation,87,1,SELL,0.3792,EXTERNAL,0.092851,0.57093,0.663781,13.99,86.01,Days_Since_Earnings,0.043012,Normalized_ATR,0.207457
2024-04-15,TCS,Validation,3,1,SELL,0.443,EXTERNAL,0.224122,0.532643,0.756766,29.62,70.38,Days_Since_Earnings,0.173745,Return_21d,0.111486
2024-04-16,INFY,Validation,96,1,BUY,0.3836,EXTERNAL,0.085717,0.664774,0.750491,11.42,88.58,EPS_Surprise,-0.034361,RSI_14,0.101038
2024-04-16,RELIANCE,Validation,88,1,SELL,0.3491,EXTERNAL,0.108234,0.53841,0.646644,16.74,83.26,Days_Since_Earnings,0.053951,Normalized_ATR,0.186021
2024-04-16,TCS,Validation,4,1,SELL,0.4529,EXTERNAL,0.230986,0.543052,0.774038,29.84,70.16,Days_Since_Earnings,0.182463,Return_21d,0.127674
2024-04-18,INFY,Validation,0,1,BUY,0.4654,EXTERNAL,0.381197,0.574276,0.955473,39.9,60.1,EPS_Surprise,0.304492,RSI_14,0.102258
2024-04-18,RELIANCE,Validation,90,1,SELL,0.3693,EXTERNAL,0.108732,0.564891,0.673623,16.14,83.86,Days_Since_Earnings,0.058586,Normalized_ATR,0.174427
2024-04-18,TCS,Validation,6,1,SELL,0.4041,EXTERNAL,0.24856,0.627486,0.876046,28.37,71.63,Days_Since_Earnings,0.200663,Return_21d,0.187171
2024-04-19,INFY,Validation,1,1,BUY,0.4334,EXTERNAL,0.433967,0.599853,1.03382,41.98,58.02,EPS_Surprise,0.340954,RSI_14,0.099838
2024-04-19,RELIANCE,Validation,91,1,SELL,0.3789,EXTERNAL,0.105697,0.597676,0.703373,15.03,84.97,Days_Since_Earnings,0.058003,Normalized_ATR,0.188192
2024-04-19,TCS,Validation,7,1,SELL,0.4081,EXTERNAL,0.253061,0.739079,0.99214,25.51,74.49,Days_Since_Earnings,0.198138,Return_21d,0.196384
2024-04-22,INFY,Validation,4,1,BUY,0.5007,EXTERNAL,0.407052,0.668198,1.07525,37.86,62.14,EPS_Surprise,0.316204,RSI_14,0.110707
2024-04-22,RELIANCE,Validation,0,1,SELL,0.5301,EXTERNAL,0.417364,0.729945,1.147309,36.38,63.62,Days_Since_Earnings,0.204742,Normalized_ATR,0.218163
2024-04-22,TCS,Validation,10,1,HOLD,0.4263,EXTERNAL,0.282883,0.758539,1.041422,27.16,72.84,Reported_EPS,0.211817,Volume_to_MA20,0.258726
2024-04-23,INFY,Validation,5,1,BUY,0.5595,EXTERNAL,0.430332,0.749167,1.179499,36.48,63.52,EPS_Surprise,0.353683,RSI_14,0.132771
2024-04-23,RELIANCE,Validation,1,1,SELL,0.448,EXTERNAL,0.303957,0.657076,0.961033,31.63,68.37,EPS_Surprise_Pct,0.148155,Normalized_ATR,0.223884
2024-04-23,TCS,Validation,11,1,HOLD,0.5511,EXTERNAL,0.330514,0.774787,1.105301,29.9,70.1,Reported_EPS,0.243555,Volume_to_MA20,0.168286
2024-04-24,INFY,Validation,6,1,BUY,0.5408,EXTERNAL,0.415834,0.743995,1.159829,35.85,64.15,EPS_Surprise,0.341452,RSI_14,0.133404
2024-04-24,RELIANCE,Validation,2,1,SELL,0.4712,EXTERNAL,0.319565,0.681392,1.000956,31.93,68.07,EPS_Surprise_Pct,0.147037,Normalized_ATR,0.221556
2024-04-24,TCS,Validation,12,1,HOLD,0.5085,EXTERNAL,0.308029,0.739141,1.047171,29.42,70.58,Reported_EPS,0.246382,Volume_to_MA20,0.260466
2024-04-25,INFY,Validation,7,1,BUY,0.4987,EXTERNAL,0.404081,0.822107,1.226188,32.95,67.05,EPS_Surprise,0.312911,RSI_14,0.114574
2024-04-25,RELIANCE,Validation,3,1,SELL,0.449,EXTERNAL,0.313542,0.672805,0.986347,31.79,68.21,EPS_Surprise_Pct,0.144991,Normalized_ATR,0.223083
2024-04-25,TCS,Validation,13,1,HOLD,0.4382,EXTERNAL,0.190273,0.722386,0.91266,20.85,79.15,Reported_EPS,0.163611,VIX_Level,0.173941
2024-04-26,INFY,Validation,8,1,BUY,0.5214,EXTERNAL,0.436535,0.621806,1.05834,41.25,58.75,EPS_Surprise,0.351844,RSI_14,0.109615
2024-04-26,RELIANCE,Validation,4,0,SELL,0.4827,EXTERNAL,0.321241,0.628651,0.949892,33.82,66.18,EPS_Surprise_Pct,0.144817,Normalized_ATR,0.208138
2024-04-26,TCS,Validation,14,2,HOLD,0.5011,EXTERNAL,0.245058,0.676072,0.921131,26.6,73.4,Reported_EPS,0.191202,VIX_Level,0.150081
2024-04-29,INFY,Validation,11,1,BUY,0.5195,EXTERNAL,0.499394,0.826735,1.326129,37.66,62.34,EPS_Surprise,0.394038,VIX_Level,-0.115759
2024-04-29,RELIANCE,Validation,7,0,SELL,0.4291,EXTERNAL,0.330093,0.730655,1.060747,31.12,68.88,Days_Since_Earnings,0.143856,Normalized_ATR,0.189124
2024-04-29,TCS,Validation,17,2,HOLD,0.5332,EXTERNAL,0.321032,0.707108,1.02814,31.22,68.78,Reported_EPS,0.218906,Volume_to_MA20,0.258398
2024-04-30,INFY,Validation,12,1,BUY,0.4622,EXTERNAL,0.438112,0.738277,1.176389,37.24,62.76,EPS_Surprise,0.338558,RSI_14,0.091698
2024-04-30,RELIANCE,Validation,8,0,SELL,0.5292,EXTERNAL,0.336766,0.866739,1.203505,27.98,72.02,EPS_Surprise_Pct,0.166218,VIX_Change_5d,0.236304
2024-04-30,TCS,Validation,18,2,BUY,0.3746,EXTERNAL,0.171908,0.727627,0.899535,19.11,80.89,Reported_EPS,-0.101888,SMA20_to_SMA50,0.102464
2024-05-02,INFY,Validation,14,1,BUY,0.5271,EXTERNAL,0.467794,0.717166,1.184961,39.48,60.52,EPS_Surprise,0.370336,RSI_14,0.092367
2024-05-02,RELIANCE,Validation,10,0,SELL,0.4039,EXTERNAL,0.284208,0.858956,1.143164,24.86,75.14,EPS_Surprise_Pct,0.151458,VIX_Change_5d,0.24472
2024-05-02,TCS,Validation,20,2,HOLD,0.4076,EXTERNAL,0.243344,0.650641,0.893985,27.22,72.78,Reported_EPS,0.166613,VIX_Level,0.121289
2024-05-03,INFY,Validation,15,1,BUY,0.5616,EXTERNAL,0.48853,0.671783,1.160313,42.1,57.9,EPS_Surprise,0.389758,RSI_14,0.096445
2024-05-03,RELIANCE,Validation,11,1,SELL,0.5837,EXTERNAL,0.267152,0.906973,1.174125,22.75,77.25,EPS_Surprise_Pct,0.163756,VIX_Change_5d,0.228158
2024-05-03,TCS,Validation,21,1,HOLD,0.3629,EXTERNAL,0.24009,0.626968,0.867058,27.69,72.31,Reported_EPS,0.147855,VIX_Level,0.139383
2024-05-06,INFY,Validation,18,1,BUY,0.5102,EXTERNAL,0.470527,0.632578,1.103105,42.65,57.35,EPS_Surprise,0.378265,RSI_14,0.101409
2024-05-06,RELIANCE,Validation,14,1,SELL,0.4602,EXTERNAL,0.421729,1.052837,1.474566,28.6,71.4,Days_Since_Earnings,-0.194743,VIX_Change_5d,0.277784
2024-05-06,TCS,Validation,24,1,HOLD,0.4912,EXTERNAL,0.396317,0.513842,0.910159,43.54,56.46,Reported_EPS,0.25293,Open_Close_Spread_Pct,0.153446
2024-05-07,INFY,Validation,19,1,BUY,0.4568,INTERNAL,0.472759,0.470286,0.943045,50.13,49.87,EPS_Surprise,0.383493,Return_5d,0.055438
2024-05-07,RELIANCE,Validation,15,1,SELL,0.4814,EXTERNAL,0.429129,0.978996,1.408125,30.48,69.52,Days_Since_Earnings,-0.20132,VIX_Change_5d,0.26417
2024-05-07,TCS,Validation,25,1,HOLD,0.398,EXTERNAL,0.352047,0.454343,0.806391,43.66,56.34,Reported_EPS,0.212163,VIX_Level,-0.082853
2024-05-08,INFY,Validation,20,1,BUY,0.468,EXTERNAL,0.46915,0.52405,0.993201,47.24,52.76,EPS_Surprise,0.37568,RSI_14,0.069782
2024-05-08,RELIANCE,Validation,16,1,SELL,0.4847,EXTERNAL,0.419324,0.956262,1.375586,30.48,69.52,Days_Since_Earnings,-0.183685,VIX_Change_5d,0.291274
2024-05-08,TCS,Validation,26,0,HOLD,0.5084,EXTERNAL,0.4753,0.611559,1.086859,43.73,56.27,Reported_EPS,0.291523,Volume_to_MA20,0.254355
2024-05-09,INFY,Validation,21,1,BUY,0.4,INTERNAL,0.486255,0.390884,0.87714,55.44,44.56,EPS_Surprise,0.374354,SMA20_to_SMA50,-0.048532
2024-05-09,RELIANCE,Validation,17,2,SELL,0.445,EXTERNAL,0.410895,1.040838,1.451733,28.3,71.7,Days_Since_Earnings,-0.218789,VIX_Change_5d,0.350782
2024-05-09,TCS,Validation,27,1,HOLD,0.4372,EXTERNAL,0.39442,0.399719,0.794139,49.67,50.33,Reported_EPS,0.224816,VIX_Level,-0.075842
2024-05-10,INFY,Validation,22,1,BUY,0.4061,EXTERNAL,0.468158,0.527723,0.995881,47.01,52.99,EPS_Surprise,0.354607,RSI_14,0.065879
2024-05-10,RELIANCE,Validation,18,2,SELL,0.5303,EXTERNAL,0.420931,1.068066,1.488996,28.27,71.73,Days_Since_Earnings,-0.193909,VIX_Change_5d,0.323506
2024-05-10,TCS,Validation,28,1,HOLD,0.4215,EXTERNAL,0.378061,0.451202,0.829262,45.59,54.41,Reported_EPS,0.207834,Volume_to_MA20,0.106519
2024-05-13,INFY,Validation,25,1,BUY,0.429,EXTERNAL,0.505364,0.512736,1.0181,49.64,50.36,EPS_Surprise,0.373663,RSI_14,0.068418
2024-05-13,RELIANCE,Validation,21,2,SELL,0.4013,EXTERNAL,0.382436,0.837431,1.219867,31.35,68.65,Days_Since_Earnings,-0.178391,Return_21d,0.20284
2024-05-13,TCS,Validation,31,0,HOLD,0.5624,EXTERNAL,0.498465,0.672713,1.171178,42.56,57.44,Reported_EPS,0.298018,Volume_to_MA20,0.251914
2024-05-14,INFY,Validation,26,2,BUY,0.4855,EXTERNAL,0.491261,0.520606,1.011866,48.55,51.45,EPS_Surprise,0.375862,RSI_14,0.07778
2024-05-14,RELIANCE,Validation,22,2,SELL,0.4439,EXTERNAL,0.32596,0.809135,1.135095,28.72,71.28,EPS_Surprise_Pct,0.149042,Normalized_ATR,0.212166
2024-05-14,TCS,Validation,32,1,HOLD,0.4809,EXTERNAL,0.392901,0.70335,1.096251,35.84,64.16,Reported_EPS,0.22633,Volume_to_MA20,0.293081
2024-05-15,INFY,Validation,27,2,BUY,0.5098,EXTERNAL,0.461679,0.586167,1.047846,44.06,55.94,EPS_Surprise,0.352604,RSI_14,0.086274
2024-05-15,RELIANCE,Validation,23,2,SELL,0.4218,EXTERNAL,0.324902,0.804099,1.129002,28.78,71.22,EPS_Surprise_Pct,0.146302,Normalized_ATR,0.211569
2024-05-15,TCS,Validation,33,1,HOLD,0.4965,EXTERNAL,0.395372,0.694528,1.089899,36.28,63.72,Reported_EPS,0.231046,Volume_to_MA20,0.324362
2024-05-16,INFY,Validation,28,1,BUY,0.5202,EXTERNAL,0.401772,0.645688,1.04746,38.36,61.64,EPS_Surprise,0.320029,Rolling_Volatility_20d,0.152144
2024-05-16,RELIANCE,Validation,24,2,BUY,0.4251,EXTERNAL,0.074328,0.8911,0.965428,7.7,92.3,Reported_EPS,0.022213,Volume_Change,0.197209
2024-05-16,TCS,Validation,34,1,BUY,0.4342,EXTERNAL,0.23014,0.85806,1.088199,21.15,78.85,Reported_EPS,-0.115521,Volume_Change,0.201246
2024-05-17,INFY,Validation,29,1,BUY,0.5756,EXTERNAL,0.489597,0.532551,1.022148,47.9,52.1,EPS_Surprise,0.3873,Rolling_Volatility_20d,0.145142
2024-05-17,RELIANCE,Validation,25,2,SELL,0.4294,EXTERNAL,0.327419,0.810076,1.137495,28.78,71.22,EPS_Surprise_Pct,0.172559,Normalized_ATR,0.258033
2024-05-17,TCS,Validation,35,1,SELL,0.3478,EXTERNAL,0.146781,0.505192,0.651973,22.51,77.49,Days_Since_Earnings,0.056273,SMA20_to_SMA50,-0.149987
2024-05-21,INFY,Validation,33,2,BUY,0.5781,EXTERNAL,0.490021,0.501431,0.991452,49.42,50.58,EPS_Surprise,0.392227,Rolling_Volatility_20d,0.151888
2024-05-21,RELIANCE,Validation,29,1,SELL,0.4558,EXTERNAL,0.258067,0.792419,1.050486,24.57,75.43,EPS_Surprise_Pct,0.17213,Normalized_ATR,0.240284
2024-05-21,TCS,Validation,39,1,HOLD,0.3614,EXTERNAL,0.290197,0.557002,0.847199,34.25,65.75,Reported_EPS,0.183327,VIX_Level,-0.11639
2024-05-22,INFY,Validation,34,1,BUY,0.448,EXTERNAL,0.467964,0.500516,0.968481,48.32,51.68,EPS_Surprise,0.374781,Rolling_Volatility_20d,0.136472
2024-05-22,RELIANCE,Validation,30,1,SELL,0.3719,EXTERNAL,0.237728,0.777041,1.014769,23.43,76.57,EPS_Surprise_Pct,0.172219,Normalized_ATR,0.20786
2024-05-22,TCS,Validation,40,1,HOLD,0.4058,EXTERNAL,0.348889,0.49213,0.84102,41.48,58.52,Reported_EPS,0.209712,VIX_Level,-0.097845
2024-05-23,INFY,Validation,35,0,BUY,0.4322,EXTERNAL,0.427591,0.619454,1.047045,40.84,59.16,EPS_Surprise,0.339223,Rolling_Volatility_20d,0.133809
2024-05-23,RELIANCE,Validation,31,0,HOLD,0.427,EXTERNAL,0.079122,0.647727,0.726848,10.89,89.11,Days_Since_Earnings,0.049506,Open_Close_Spread_Pct,0.101786
2024-05-23,TCS,Validation,41,0,HOLD,0.4109,EXTERNAL,0.312696,0.682473,0.995169,31.42,68.58,Reported_EPS,0.19487,Open_Close_Spread_Pct,0.152568
2024-05-24,INFY,Validation,36,0,BUY,0.5411,EXTERNAL,0.503119,0.690008,1.193126,42.17,57.83,EPS_Surprise,0.380931,Rolling_Volatility_20d,0.153722
2024-05-24,RELIANCE,Validation,32,0,BUY,0.3717,EXTERNAL,0.11139,0.511755,0.623145,17.88,82.12,Days_Since_Earnings,-0.032338,SMA20_to_SMA50,0.069456
2024-05-24,TCS,Validation,42,0,HOLD,0.4125,EXTERNAL,0.335505,0.480022,0.815527,41.14,58.86,Reported_EPS,0.185596,Volume_to_MA20,0.088887
2024-05-27,INFY,Validation,39,0,BUY,0.5137,EXTERNAL,0.502229,0.772377,1.274606,39.4,60.6,EPS_Surprise,0.385135,Rolling_Volatility_20d,0.152246
2024-05-27,RELIANCE,Validation,35,2,SELL,0.3484,EXTERNAL,0.222609,0.726173,0.948782,23.46,76.54,EPS_Surprise_Pct,0.146846,Normalized_ATR,0.153201
2024-05-27,TCS,Validation,45,0,SELL,0.3711,EXTERNAL,0.113342,0.673611,0.786953,14.4,85.6,Days_Since_Earnings,0.045192,Normalized_ATR,0.172195
2024-05-28,INFY,Validation,40,0,BUY,0.5171,EXTERNAL,0.42928,0.649568,1.078848,39.79,60.21,EPS_Surprise,0.318701,VIX_Level,0.131584
2024-05-28,RELIANCE,Validation,36,0,SELL,0.3926,EXTERNAL,0.25807,0.920022,1.178093,21.91,78.09,EPS_Surprise_Pct,0.169748,Normalized_ATR,0.228932
2024-05-28,TCS,Validation,46,0,HOLD,0.361,EXTERNAL,0.307142,0.574625,0.881767,34.83,65.17,Reported_EPS,0.170251,VIX_Level,-0.108411
2024-05-29,INFY,Validation,41,1,BUY,0.6228,EXTERNAL,0.413377,0.746767,1.160144,35.63,64.37,EPS_Surprise,0.316996,Rolling_Volatility_20d,0.135464
2024-05-29,RELIANCE,Validation,37,1,BUY,0.3718,EXTERNAL,0.091798,0.84053,0.932328,9.85,90.15,Days_Since_Earnings,-0.04228,Normalized_ATR,-0.20315
2024-05-29,TCS,Validation,47,1,BUY,0.375,EXTERNAL,0.211663,0.85876,1.070423,19.77,80.23,Reported_EPS,-0.123775,VIX_Level,0.172133
2024-05-30,INFY,Validation,42,2,BUY,0.5106,EXTERNAL,0.366834,0.608399,0.975232,37.61,62.39,EPS_Surprise,0.281165,Normalized_ATR,-0.174641
2024-05-30,RELIANCE,Validation,38,1,SELL,0.4212,EXTERNAL,0.265556,0.861114,1.126671,23.57,76.43,EPS_Surprise_Pct,0.159959,Normalized_ATR,0.2329
2024-05-30,TCS,Validation,48,2,HOLD,0.3979,EXTERNAL,0.238049,0.541921,0.77997,30.52,69.48,Reported_EPS,0.133207,Volume_to_MA20,-0.131745
2024-05-31,INFY,Validation,43,2,BUY,0.5553,EXTERNAL,0.336869,0.980521,1.31739,25.57,74.43,EPS_Surprise,0.255117,Normalized_ATR,-0.247362
2024-05-31,RELIANCE,Validation,39,2,SELL,0.3824,EXTERNAL,0.317056,1.063783,1.380838,22.96,77.04,EPS_Surprise_Pct,0.194335,Normalized_ATR,0.273491
2024-05-31,TCS,Validation,49,2,HOLD,0.4339,EXTERNAL,0.212245,0.384825,0.597069,35.55,64.45,Reported_EPS,0.104896,VIX_Level,-0.1297
2024-06-03,INFY,Validation,46,2,BUY,0.641,EXTERNAL,0.517386,0.699716,1.217102,42.51,57.49,EPS_Surprise,0.402177,RSI_14,0.124784
2024-06-03,RELIANCE,Validation,42,0,HOLD,0.4094,EXTERNAL,0.080266,0.70575,0.786016,10.21,89.79,Days_Since_Earnings,0.055638,Bollinger_PctB,0.167829
2024-06-03,TCS,Validation,52,2,HOLD,0.4654,EXTERNAL,0.266162,0.60979,0.875951,30.39,69.61,Reported_EPS,0.160322,VIX_Level,-0.103013
2024-06-04,INFY,Validation,47,2,BUY,0.5694,EXTERNAL,0.38373,1.065468,1.449198,26.48,73.52,EPS_Surprise,0.275482,Normalized_ATR,-0.300264
2024-06-04,RELIANCE,Validation,43,2,BUY,0.5099,EXTERNAL,0.138006,1.037767,1.175773,11.74,88.26,Days_Since_Earnings,-0.063166,VIX_Level,0.493327
2024-06-04,TCS,Validation,53,2,HOLD,0.3732,EXTERNAL,0.2737,0.69628,0.96998,28.22,71.78,Reported_EPS,0.162103,Volume_to_MA20,-0.122945
2024-06-05,INFY,Validation,48,2,BUY,0.488,INTERNAL,0.507749,0.486169,0.993918,51.09,48.91,EPS_Surprise,0.386138,Normalized_MACD_Hist,0.075014
2024-06-05,RELIANCE,Validation,44,2,BUY,0.3973,EXTERNAL,0.120492,0.490105,0.610597,19.73,80.27,Days_Since_Earnings,-0.041638,SMA20_to_SMA50,0.071999
2024-06-05,TCS,Validation,54,2,SELL,0.3799,EXTERNAL,0.110915,0.518632,0.629547,17.62,82.38,Days_Since_Earnings,0.048707,Return_21d,0.130024
2024-06-06,INFY,Validation,49,1,BUY,0.4967,EXTERNAL,0.40188,1.122939,1.524819,26.36,73.64,EPS_Surprise,0.310136,VIX_Change_5d,0.456556
2024-06-06,RELIANCE,Validation,45,2,BUY,0.5497,EXTERNAL,0.102758,1.13018,1.232938,8.33,91.67,Days_Since_Earnings,-0.035578,VIX_Change_5d,0.605314
2024-06-06,TCS,Validation,55,1,HOLD,0.3958,EXTERNAL,0.391202,0.54021,0.931412,42.0,58.0,Reported_EPS,0.261275,Volume_to_MA20,-0.094055
2024-06-07,INFY,Validation,50,0,BUY,0.4783,EXTERNAL,0.375484,1.163694,1.539178,24.4,75.6,EPS_Surprise,0.291347,VIX_Change_5d,0.442242
2024-06-07,RELIANCE,Validation,46,1,BUY,0.5157,EXTERNAL,0.105729,1.066703,1.172432,9.02,90.98,Days_Since_Earnings,-0.040403,VIX_Change_5d,0.504556
2024-06-07,TCS,Validation,56,1,HOLD,0.5386,EXTERNAL,0.421761,0.735895,1.157655,36.43,63.57,Reported_EPS,0.284602,Open_Close_Spread_Pct,0.132588
2024-06-10,INFY,Validation,53,1,BUY,0.4034,EXTERNAL,0.485565,0.764418,1.249983,38.85,61.15,EPS_Surprise,0.363062,Return_5d,-0.151713
2024-06-10,RELIANCE,Validation,49,1,BUY,0.3612,EXTERNAL,0.110106,0.490801,0.600907,18.32,81.68,Days_Since_Earnings,-0.037682,SMA20_to_SMA50,0.073991
2024-06-10,TCS,Validation,59,1,HOLD,0.5652,EXTERNAL,0.435657,0.635059,1.070716,40.69,59.31,Reported_EPS,0.285074,Volume_to_MA20,0.17013
2024-06-11,INFY,Validation,54,1,HOLD,0.421,EXTERNAL,0.184013,0.920794,1.104808,16.66,83.34,EPS_Surprise_Pct,-0.057841,VIX_Level,0.222806
2024-06-11,RELIANCE,Validation,50,1,BUY,0.3958,EXTERNAL,0.08648,1.243975,1.330455,6.5,93.5,EPS_Surprise,-0.02259,VIX_Change_5d,0.533583
2024-06-11,TCS,Validation,60,1,HOLD,0.5917,EXTERNAL,0.441192,0.77721,1.218402,36.21,63.79,Reported_EPS,0.303628,Volume_to_MA20,0.238444
2024-06-12,INFY,Validation,55,2,BUY,0.4021,EXTERNAL,0.532014,0.827073,1.359087,39.14,60.86,EPS_Surprise,0.429353,Return_5d,-0.092995
2024-06-12,RELIANCE,Validation,51,1,SELL,0.3954,EXTERNAL,0.177835,0.571201,0.749036,23.74,76.26,EPS_Surprise_Pct,0.104961,Return_21d,-0.105166
2024-06-12,TCS,Validation,61,1,HOLD,0.4754,EXTERNAL,0.361625,0.484974,0.846598,42.72,57.28,Reported_EPS,0.246989,VIX_Level,0.159797
2024-06-13,INFY,Validation,56,2,BUY,0.4263,EXTERNAL,0.606002,0.616437,1.22244,49.57,50.43,EPS_Surprise,0.48632,Normalized_MACD,0.083174
2024-06-13,RELIANCE,Validation,52,1,HOLD,0.4131,EXTERNAL,0.064372,0.708786,0.773159,8.33,91.67,Days_Since_Earnings,0.028972,VIX_Level,0.161056
2024-06-13,TCS,Validation,62,1,HOLD,0.5598,EXTERNAL,0.366053,0.581895,0.947948,38.62,61.38,Reported_EPS,0.250667,VIX_Level,0.141184
2024-06-14,INFY,Validation,57,2,BUY,0.4643,EXTERNAL,0.587678,0.889459,1.477137,39.78,60.22,EPS_Surprise,0.474524,VIX_Change_5d,0.160937
2024-06-14,RELIANCE,Validation,53,0,HOLD,0.3529,EXTERNAL,0.065708,0.621085,0.686793,9.57,90.43,Reported_EPS,-0.029365,Volume_to_MA20,0.148948
2024-06-14,TCS,Validation,63,1,HOLD,0.4766,EXTERNAL,0.380985,0.559576,0.940561,40.51,59.49,Reported_EPS,0.249401,Volume_to_MA20,0.108554
2024-06-18,INFY,Validation,61,2,BUY,0.4229,EXTERNAL,0.591089,0.696554,1.287643,45.9,54.1,EPS_Surprise,0.49447,Normalized_MACD,0.077776
2024-06-18,RELIANCE,Validation,57,1,HOLD,0.4209,EXTERNAL,0.07163,0.744201,0.815831,8.78,91.22,Days_Since_Earnings,0.029778,Volume_to_MA20,0.170874
2024-06-18,TCS,Validation,67,1,HOLD,0.5555,EXTERNAL,0.440165,0.696035,1.1362,38.74,61.26,Reported_EPS,0.257602,Volume_to_MA20,0.149258
2024-06-19,INFY,Validation,62,1,BUY,0.4518,INTERNAL,0.634998,0.583549,1.218548,52.11,47.89,EPS_Surprise,0.529584,VIX_Level,-0.073745
2024-06-19,RELIANCE,Validation,58,2,HOLD,0.3644,EXTERNAL,0.075245,0.740671,0.815916,9.22,90.78,Days_Since_Earnings,0.032383,Volume_to_MA20,0.187745
2024-06-19,TCS,Validation,68,1,HOLD,0.568,EXTERNAL,0.477969,0.827426,1.305395,36.61,63.39,Reported_EPS,0.251974,Volume_to_MA20,0.299349
2024-06-20,INFY,Validation,63,2,BUY,0.4043,INTERNAL,0.643462,0.579224,1.222687,52.63,47.37,EPS_Surprise,0.515285,VIX_Level,-0.076634
2024-06-20,RELIANCE,Validation,59,2,SELL,0.3651,EXTERNAL,0.177199,0.375728,0.552927,32.05,67.95,EPS_Surprise_Pct,0.110405,Return_21d,-0.09212
2024-06-20,TCS,Validation,69,2,HOLD,0.4618,EXTERNAL,0.359946,0.778438,1.138384,31.62,68.38,Reported_EPS,0.182294,VIX_Level,0.203599
2024-06-21,INFY,Validation,64,2,BUY,0.5132,EXTERNAL,0.667908,0.670622,1.33853,49.9,50.1,EPS_Surprise,0.506307,Volume_Change,0.134565
2024-06-21,RELIANCE,Validation,60,2,SELL,0.3925,EXTERNAL,0.196363,0.39146,0.587823,33.41,66.59,EPS_Surprise_Pct,0.114856,Return_21d,-0.075296
2024-06-21,TCS,Validation,70,2,HOLD,0.3907,EXTERNAL,0.353927,0.651602,1.005529,35.2,64.8,Reported_EPS,0.173203,VIX_Level,0.145145
2024-06-24,INFY,Validation,67,2,BUY,0.4618,INTERNAL,0.797769,0.531734,1.329502,60.01,39.99,EPS_Surprise,0.584012,VIX_Level,-0.069657
2024-06-24,RELIANCE,Validation,63,2,HOLD,0.4684,EXTERNAL,0.080633,0.803243,0.883876,9.12,90.88,Days_Since_Earnings,0.039172,VIX_Level,0.17647
2024-06-24,TCS,Validation,73,2,HOLD,0.5705,EXTERNAL,0.456231,0.77475,1.230981,37.06,62.94,Reported_EPS,0.238293,Volume_to_MA20,0.215774
2024-06-25,INFY,Validation,68,2,BUY,0.4109,INTERNAL,0.804718,0.56707,1.371787,58.66,41.34,EPS_Surprise,0.586815,VIX_Level,-0.076043
2024-06-25,RELIANCE,Validation,64,2,HOLD,0.4222,EXTERNAL,0.089354,0.745605,0.83496,10.7,89.3,Days_Since_Earnings,0.044956,VIX_Level,0.175605
2024-06-25,TCS,Validation,74,2,HOLD,0.5811,EXTERNAL,0.503532,0.744201,1.247733,40.36,59.64,Reported_EPS,0.280491,Volume_to_MA20,0.247342
2024-06-26,INFY,Validation,69,2,BUY,0.4456,INTERNAL,0.816534,0.448207,1.264741,64.56,35.44,EPS_Surprise,0.6088,VIX_Level,-0.066242
2024-06-26,RELIANCE,Validation,65,2,HOLD,0.4615,EXTERNAL,0.06456,0.767861,0.832421,7.76,92.24,Days_Since_Earnings,0.040702,VIX_Level,0.164643
2024-06-26,TCS,Validation,75,2,HOLD,0.6329,EXTERNAL,0.502832,0.834736,1.337568,37.59,62.41,Reported_EPS,0.295767,Volume_to_MA20,0.26716
2024-06-27,INFY,Validation,70,2,BUY,0.455,INTERNAL,0.728435,0.726541,1.454976,50.07,49.93,EPS_Surprise,0.527913,Volume_Change,0.132329
2024-06-27,RELIANCE,Validation,66,1,HOLD,0.5126,EXTERNAL,0.078385,0.848143,0.926528,8.46,91.54,Days_Since_Earnings,0.053017,VIX_Level,0.21049
2024-06-27,TCS,Validation,76,2,HOLD,0.6382,EXTERNAL,0.373338,0.762093,1.135431,32.88,67.12,Reported_EPS,0.189217,VIX_Level,0.175292
2024-06-28,INFY,Validation,71,2,BUY,0.4092,INTERNAL,0.800178,0.514992,1.31517,60.84,39.16,EPS_Surprise,0.587364,VIX_Level,-0.085298
2024-06-28,RELIANCE,Validation,67,1,HOLD,0.4716,EXTERNAL,0.112642,0.863895,0.976537,11.53,88.47,Days_Since_Earnings,0.079517,VIX_Level,0.218171
2024-06-28,TCS,Validation,77,2,HOLD,0.4964,EXTERNAL,0.369557,0.562706,0.932263,39.64,60.36,Reported_EPS,0.191878,VIX_Level,0.17181
2024-07-01,INFY,Validation,74,2,BUY,0.3754,INTERNAL,0.747743,0.514857,1.2626,59.22,40.78,EPS_Surprise,0.532389,VIX_Level,-0.085017
2024-07-01,RELIANCE,Validation,70,2,HOLD,0.5955,EXTERNAL,0.121914,0.920106,1.04202,11.7,88.3,Days_Since_Earnings,0.084928,VIX_Level,0.234937
2024-07-01,TCS,Validation,80,1,HOLD,0.6121,EXTERNAL,0.280629,0.993171,1.2738,22.03,77.97,Reported_EPS,0.159261,Bollinger_PctB,0.211945
2024-07-02,INFY,Validation,75,2,HOLD,0.3881,EXTERNAL,0.195426,0.811359,1.006786,19.41,80.59,EPS_Surprise,-0.105935,VIX_Level,0.191517
2024-07-02,RELIANCE,Validation,71,1,HOLD,0.5313,EXTERNAL,0.11945,0.836119,0.955568,12.5,87.5,Days_Since_Earnings,0.082649,VIX_Level,0.260253
2024-07-02,TCS,Validation,81,1,HOLD,0.5538,EXTERNAL,0.2674,0.951186,1.218585,21.94,78.06,Reported_EPS,0.151614,VIX_Level,0.234391
2024-07-03,INFY,Validation,76,1,SELL,0.39,EXTERNAL,0.19708,0.813472,1.010552,19.5,80.5,Days_Since_Earnings,-0.09153,SMA20_to_SMA50,0.149296
2024-07-03,RELIANCE,Validation,72,2,HOLD,0.427,EXTERNAL,0.122335,0.515027,0.637362,19.19,80.81,Days_Since_Earnings,0.084664,VIX_Level,0.151736
2024-07-03,TCS,Validation,82,1,HOLD,0.4432,EXTERNAL,0.39421,0.705672,1.099882,35.84,64.16,Reported_EPS,0.169898,VIX_Level,0.216033
2024-07-04,INFY,Validation,77,1,SELL,0.4197,EXTERNAL,0.179519,0.831937,1.011456,17.75,82.25,Days_Since_Earnings,-0.079934,Normalized_ATR,0.149966
2024-07-04,RELIANCE,Validation,73,1,HOLD,0.4661,EXTERNAL,0.12713,0.795454,0.922584,13.78,86.22,Days_Since_Earnings,0.089751,Volume_to_MA20,0.230627
2024-07-04,TCS,Validation,83,0,HOLD,0.4906,EXTERNAL,0.447338,0.881887,1.329224,33.65,66.35,Reported_EPS,0.177713,VIX_Level,0.26884
2024-07-05,INFY,Validation,78,2,SELL,0.4653,EXTERNAL,0.172323,0.834013,1.006335,17.12,82.88,Days_Since_Earnings,-0.067417,SMA20_to_SMA50,0.155311
2024-07-05,RELIANCE,Validation,74,1,SELL,0.4303,EXTERNAL,0.294851,0.647301,0.942152,31.3,68.7,EPS_Surprise_Pct,0.129364,Bollinger_PctB,-0.138888
2024-07-05,TCS,Validation,84,2,HOLD,0.484,EXTERNAL,0.559947,0.761494,1.321441,42.37,57.63,Days_Since_Earnings,-0.234441,VIX_Level,0.297291
2024-07-08,INFY,Validation,81,2,SELL,0.3676,EXTERNAL,0.153644,0.831601,0.985245,15.59,84.41,Days_Since_Earnings,-0.071283,SMA20_to_SMA50,0.151724
2024-07-08,RELIANCE,Validation,77,1,SELL,0.4108,EXTERNAL,0.326719,0.709618,1.036337,31.53,68.47,Days_Since_Earnings,-0.152006,Bollinger_PctB,-0.149632
2024-07-08,TCS,Validation,87,2,SELL,0.4159,EXTERNAL,0.134609,0.503996,0.638605,21.08,78.92,Days_Since_Earnings,0.046576,Normalized_ATR,0.128819
2024-07-09,INFY,Validation,82,2,BUY,0.4542,INTERNAL,0.703529,0.487255,1.190783,59.08,40.92,EPS_Surprise,0.515916,Rolling_Volatility_20d,0.133304
2024-07-09,RELIANCE,Validation,78,1,HOLD,0.4588,EXTERNAL,0.086471,0.724583,0.811054,10.66,89.34,Days_Since_Earnings,0.041727,VIX_Level,0.207599
2024-07-09,TCS,Validation,88,2,HOLD,0.3913,EXTERNAL,0.612106,0.953566,1.565672,39.1,60.9,Days_Since_Earnings,-0.36198,VIX_Level,0.259564
2024-07-10,INFY,Validation,83,2,BUY,0.4416,INTERNAL,0.686625,0.62892,1.315545,52.19,47.81,EPS_Surprise,0.480124,Rolling_Volatility_20d,0.07363
2024-07-10,RELIANCE,Validation,79,1,HOLD,0.4134,EXTERNAL,0.052241,0.729688,0.781929,6.68,93.32,Reported_EPS,-0.029425,VIX_Level,0.223366
2024-07-10,TCS,Validation,89,2,SELL,0.378,EXTERNAL,0.132508,0.527451,0.659958,20.08,79.92,Days_Since_Earnings,0.043494,Normalized_ATR,0.148617
2024-07-11,INFY,Validation,84,2,BUY,0.4529,INTERNAL,0.70438,0.593802,1.298182,54.26,45.74,EPS_Surprise,0.501801,VIX_Level,-0.078635
2024-07-11,RELIANCE,Validation,80,1,SELL,0.4618,EXTERNAL,0.348025,0.696005,1.04403,33.33,66.67,EPS_Surprise_Pct,0.174359,RSI_14,0.119373
2024-07-11,TCS,Validation,0,2,SELL,0.4046,EXTERNAL,0.159978,0.51581,0.675788,23.67,76.33,Days_Since_Earnings,0.090969,Normalized_ATR,0.18606
2024-07-12,INFY,Validation,85,2,BUY,0.4155,EXTERNAL,0.538127,0.587735,1.125862,47.8,52.2,EPS_Surprise,0.359997,Normalized_ATR,-0.067574
2024-07-12,RELIANCE,Validation,81,0,SELL,0.4521,EXTERNAL,0.310211,0.692911,1.003122,30.92,69.08,EPS_Surprise_Pct,0.154975,Normalized_ATR,0.123487
2024-07-12,TCS,Validation,1,2,HOLD,0.5436,EXTERNAL,0.246897,0.801866,1.048762,23.54,76.46,Reported_EPS,0.162346,VIX_Level,0.202072
2024-07-15,INFY,Validation,88,2,BUY,0.3988,EXTERNAL,0.555819,0.599456,1.155275,48.11,51.89,EPS_Surprise,0.367934,VIX_Level,-0.067374
2024-07-15,RELIANCE,Validation,84,0,SELL,0.4744,EXTERNAL,0.296146,0.767925,1.064071,27.83,72.17,EPS_Surprise_Pct,0.140154,SMA20_to_SMA50,0.153859
2024-07-15,TCS,Validation,4,2,HOLD,0.5747,EXTERNAL,0.241183,1.02352,1.264703,19.07,80.93,Reported_EPS,0.15392,VIX_Level,0.223364
2024-07-16,INFY,Validation,89,2,SELL,0.4261,EXTERNAL,0.131418,0.878021,1.009439,13.02,86.98,Days_Since_Earnings,0.051422,SMA20_to_SMA50,0.16111
2024-07-16,RELIANCE,Validation,85,0,SELL,0.5287,EXTERNAL,0.287597,0.57701,0.864607,33.26,66.74,EPS_Surprise_Pct,0.167175,SMA20_to_SMA50,0.149749
2024-07-16,TCS,Validation,5,2,HOLD,0.5484,EXTERNAL,0.281149,0.841224,1.122373,25.05,74.95,Reported_EPS,0.18894,VIX_Level,0.251774
2024-07-18,INFY,Validation,0,2,SELL,0.4432,EXTERNAL,0.215641,0.888026,1.103666,19.54,80.46,Days_Since_Earnings,0.125037,SMA20_to_SMA50,0.156097
2024-07-18,RELIANCE,Validation,87,0,SELL,0.6064,EXTERNAL,0.251204,0.734675,0.985879,25.48,74.52,EPS_Surprise_Pct,0.140989,SMA20_to_SMA50,0.159294
2024-07-18,TCS,Validation,7,1,HOLD,0.5023,EXTERNAL,0.239811,0.940135,1.179946,20.32,79.68,Reported_EPS,0.168795,VIX_Level,0.216026
2024-07-19,INFY,Validation,1,2,HOLD,0.4411,EXTERNAL,0.093749,0.875048,0.968797,9.68,90.32,Reported_EPS,-0.033163,VIX_Level,0.259825
2024-07-19,RELIANCE,Validation,0,0,SELL,0.5081,EXTERNAL,0.38393,0.619517,1.003447,38.26,61.74,Days_Since_Earnings,0.180345,SMA20_to_SMA50,0.109319
2024-07-19,TCS,Validation,8,1,HOLD,0.49,EXTERNAL,0.236969,1.102989,1.339958,17.68,82.32,Reported_EPS,0.137519,VIX_Level,0.259503
2024-07-22,INFY,Validation,4,2,SELL,0.5071,EXTERNAL,0.235954,0.865227,1.101181,21.43,78.57,Days_Since_Earnings,0.161976,Volume_Change,-0.154318
2024-07-22,RELIANCE,Validation,3,1,SELL,0.393,EXTERNAL,0.305003,0.592972,0.897975,33.97,66.03,Days_Since_Earnings,0.156485,Relative_Strength_5d,-0.112064
2024-07-22,TCS,Validation,11,2,SELL,0.4579,EXTERNAL,0.210489,0.730972,0.941461,22.36,77.64,Days_Since_Earnings,0.113565,Normalized_MACD_Hist,0.094152
2024-07-23,INFY,Validation,5,2,HOLD,0.457,EXTERNAL,0.066977,0.973268,1.040245,6.44,93.56,Reported_EPS,-0.030788,VIX_Level,0.313061
2024-07-23,RELIANCE,Validation,4,1,HOLD,0.4597,EXTERNAL,0.073281,0.840022,0.913303,8.02,91.98,EPS_Surprise,0.031911,VIX_Level,0.2305
2024-07-23,TCS,Validation,12,1,HOLD,0.5327,EXTERNAL,0.300015,0.763336,1.063351,28.21,71.79,Reported_EPS,0.183204,VIX_Level,0.259381
2024-07-24,INFY,Validation,6,1,HOLD,0.4607,EXTERNAL,0.093092,1.101682,1.194773,7.79,92.21,Reported_EPS,-0.039722,VIX_Level,0.345194
2024-07-24,RELIANCE,Validation,5,1,HOLD,0.5239,EXTERNAL,0.090684,0.865555,0.956239,9.48,90.52,EPS_Surprise,0.033847,VIX_Level,0.313768
2024-07-24,TCS,Validation,13,1,HOLD,0.5831,EXTERNAL,0.374704,1.06624,1.440944,26.0,74.0,Reported_EPS,0.264657,VIX_Level,0.258213
2024-07-25,INFY,Validation,7,1,HOLD,0.4648,EXTERNAL,0.059668,0.999971,1.059639,5.63,94.37,Reported_EPS,-0.037248,VIX_Level,0.315236
2024-07-25,RELIANCE,Validation,6,1,HOLD,0.4316,EXTERNAL,0.077525,0.816751,0.894276,8.67,91.33,EPS_Surprise,0.030601,VIX_Level,0.233386
2024-07-25,TCS,Validation,14,1,HOLD,0.4881,EXTERNAL,0.293834,0.795892,1.089727,26.96,73.04,Reported_EPS,0.192975,VIX_Level,0.284145
2024-07-26,INFY,Validation,8,0,HOLD,0.4911,EXTERNAL,0.071508,0.940932,1.01244,7.06,92.94,Reported_EPS,-0.037053,VIX_Level,0.313054
2024-07-26,RELIANCE,Validation,7,1,HOLD,0.4615,EXTERNAL,0.059854,0.733475,0.793329,7.54,92.46,EPS_Surprise,0.021894,VIX_Level,0.217527
2024-07-26,TCS,Validation,15,0,HOLD,0.5805,EXTERNAL,0.355148,1.019566,1.374714,25.83,74.17,Reported_EPS,0.235536,VIX_Level,0.289845
2024-07-29,INFY,Validation,11,0,HOLD,0.5064,EXTERNAL,0.090897,1.015765,1.106662,8.21,91.79,Reported_EPS,-0.044113,VIX_Level,0.269242
2024-07-29,RELIANCE,Validation,10,0,HOLD,0.4896,EXTERNAL,0.058455,0.720266,0.778721,7.51,92.49,EPS_Surprise,0.0227,VIX_Level,0.201525
2024-07-29,TCS,Validation,18,0,HOLD,0.6413,EXTERNAL,0.408198,1.065184,1.473382,27.7,72.3,Reported_EPS,0.277589,Volume_to_MA20,0.276795
2024-07-30,INFY,Validation,12,0,HOLD,0.495,EXTERNAL,0.082033,0.971717,1.05375,7.78,92.22,Reported_EPS,-0.045708,VIX_Level,0.300971
2024-07-30,RELIANCE,Validation,11,0,SELL,0.4853,EXTERNAL,0.224257,0.666998,0.891255,25.16,74.84,EPS_Surprise_Pct,0.156899,Return_21d,0.194523
2024-07-30,TCS,Validation,19,0,HOLD,0.5342,EXTERNAL,0.326333,0.918625,1.244958,26.21,73.79,Reported_EPS,0.218381,Volume_to_MA20,0.306373
2024-07-31,INFY,Validation,13,0,SELL,0.4318,EXTERNAL,0.120976,0.761479,0.882456,13.71,86.29,EPS_Estimate,0.043871,Normalized_ATR,0.134402
2024-07-31,RELIANCE,Validation,12,0,HOLD,0.4299,EXTERNAL,0.060784,0.769683,0.830468,7.32,92.68,EPS_Surprise,0.023318,VIX_Level,0.229398
2024-07-31,TCS,Validation,20,0,HOLD,0.4868,EXTERNAL,0.231147,0.761999,0.993146,23.27,76.73,Reported_EPS,0.137732,VIX_Level,0.248101
2024-08-01,INFY,Validation,14,0,SELL,0.4909,EXTERNAL,0.124831,0.728025,0.852856,14.64,85.36,EPS_Estimate,0.046145,Normalized_ATR,0.167955
2024-08-01,RELIANCE,Validation,13,0,SELL,0.4821,EXTERNAL,0.308032,0.780245,1.088277,28.3,71.7,EPS_Surprise_Pct,0.162107,Normalized_ATR,0.226653
2024-08-01,TCS,Validation,21,0,HOLD,0.4579,EXTERNAL,0.242913,0.883874,1.126787,21.56,78.44,Reported_EPS,0.148159,VIX_Level,0.216605
2024-08-02,INFY,Validation,15,0,HOLD,0.4108,EXTERNAL,0.089958,0.835169,0.925127,9.72,90.28,Reported_EPS,-0.029759,VIX_Level,0.270993
2024-08-02,RELIANCE,Validation,14,1,SELL,0.4458,EXTERNAL,0.34724,0.775677,1.122916,30.92,69.08,EPS_Surprise_Pct,0.157926,Normalized_ATR,0.232973
2024-08-02,TCS,Validation,22,1,HOLD,0.445,EXTERNAL,0.177945,0.888795,1.06674,16.68,83.32,Reported_EPS,0.097739,VIX_Level,0.224329
2024-08-05,INFY,Validation,18,2,HOLD,0.4356,EXTERNAL,0.08394,0.728255,0.812195,10.33,89.67,Days_Since_Earnings,0.047178,Daily_Return,0.142976
2024-08-05,RELIANCE,Validation,17,1,SELL,0.3744,EXTERNAL,0.333221,0.882228,1.21545,27.42,72.58,Days_Since_Earnings,-0.202127,VIX_Change_5d,0.274846
2024-08-05,TCS,Validation,25,1,SELL,0.4158,EXTERNAL,0.217248,0.744534,0.961782,22.59,77.41,Days_Since_Earnings,-0.094683,VIX_Change_5d,0.236989
2024-08-06,INFY,Validation,19,2,SELL,0.4343,EXTERNAL,0.2441,0.76577,1.00987,24.17,75.83,Days_Since_Earnings,-0.153963,VIX_Change_5d,0.2579
2024-08-06,RELIANCE,Validation,18,1,SELL,0.4571,EXTERNAL,0.352747,0.932656,1.285403,27.44,72.56,Days_Since_Earnings,-0.223651,VIX_Change_5d,0.355976
2024-08-06,TCS,Validation,26,1,SELL,0.4412,EXTERNAL,0.192051,0.797031,0.989083,19.42,80.58,Days_Since_Earnings,-0.070717,VIX_Change_5d,0.339767
2024-08-07,INFY,Validation,20,1,HOLD,0.462,EXTERNAL,0.101475,0.746118,0.847594,11.97,88.03,Days_Since_Earnings,0.060481,Volume_to_MA20,0.249802
2024-08-07,RELIANCE,Validation,19,1,SELL,0.4146,EXTERNAL,0.307351,0.795881,1.103232,27.86,72.14,Days_Since_Earnings,-0.183863,Return_21d,0.229293
2024-08-07,TCS,Validation,27,2,HOLD,0.5382,EXTERNAL,0.320658,0.788188,1.108846,28.92,71.08,Reported_EPS,0.191489,Volume_to_MA20,0.295472
2024-08-08,INFY,Validation,21,2,HOLD,0.3898,EXTERNAL,0.100373,0.455633,0.556005,18.05,81.95,Days_Since_Earnings,0.055734,VIX_Level,-0.104334
2024-08-08,RELIANCE,Validation,20,2,SELL,0.5001,EXTERNAL,0.364385,0.996601,1.360986,26.77,73.23,Days_Since_Earnings,-0.214666,VIX_Change_5d,0.343261
2024-08-08,TCS,Validation,28,2,SELL,0.5053,EXTERNAL,0.146499,0.762875,0.909374,16.11,83.89,EPS_Estimate,0.043643,VIX_Change_5d,0.329618
2024-08-09,INFY,Validation,22,2,HOLD,0.467,EXTERNAL,0.109346,0.611563,0.720909,15.17,84.83,Days_Since_Earnings,0.064336,Volume_to_MA20,0.191612
2024-08-09,RELIANCE,Validation,21,1,HOLD,0.4323,EXTERNAL,0.103329,0.562756,0.666085,15.51,84.49,Days_Since_Earnings,0.041084,Volume_to_MA20,0.19596
2024-08-09,TCS,Validation,29,2,HOLD,0.5655,EXTERNAL,0.379438,0.799547,1.178985,32.18,67.82,Reported_EPS,0.242236,Volume_to_MA20,0.283258
2024-08-12,INFY,Validation,25,2,HOLD,0.499,EXTERNAL,0.113832,0.725727,0.83956,13.56,86.44,Days_Since_Earnings,0.06114,Volume_to_MA20,0.230058
2024-08-12,RELIANCE,Validation,24,2,SELL,0.3902,EXTERNAL,0.293987,0.564954,0.858941,34.23,65.77,Days_Since_Earnings,-0.159667,Normalized_ATR,0.161307
2024-08-12,TCS,Validation,32,2,HOLD,0.5429,EXTERNAL,0.397029,0.865301,1.26233,31.45,68.55,Reported_EPS,0.282139,Volume_to_MA20,0.311438
2024-08-13,INFY,Validation,26,2,HOLD,0.4874,EXTERNAL,0.118446,0.728328,0.846774,13.99,86.01,Days_Since_Earnings,0.06103,Volume_to_MA20,0.230066
2024-08-13,RELIANCE,Validation,25,2,HOLD,0.4249,EXTERNAL,0.09574,0.743144,0.838884,11.41,88.59,Reported_EPS,-0.032558,Volume_to_MA20,0.261702
2024-08-13,TCS,Validation,33,2,HOLD,0.5612,EXTERNAL,0.408784,0.757573,1.166358,35.05,64.95,Reported_EPS,0.295289,Volume_to_MA20,0.232393
2024-08-14,INFY,Validation,27,2,SELL,0.4356,EXTERNAL,0.145995,0.554596,0.700591,20.84,79.16,Days_Since_Earnings,-0.049807,SMA20_to_SMA50,0.125832
2024-08-14,RELIANCE,Validation,26,2,SELL,0.3885,EXTERNAL,0.284379,0.772191,1.056569,26.92,73.08,Days_Since_Earnings,-0.134972,Normalized_ATR,0.222587
2024-08-14,TCS,Validation,34,2,HOLD,0.4271,EXTERNAL,0.288364,0.518112,0.806476,35.76,64.24,Reported_EPS,0.179812,Normalized_MACD_Hist,0.089971
2024-08-16,INFY,Validation,29,1,HOLD,0.5136,EXTERNAL,0.103963,0.99457,1.098533,9.46,90.54,Days_Since_Earnings,0.040101,VIX_Level,0.304921
2024-08-16,RELIANCE,Validation,28,1,SELL,0.5202,EXTERNAL,0.225248,0.843662,1.068911,21.07,78.93,EPS_Surprise_Pct,0.135921,Normalized_ATR,0.219667
2024-08-16,TCS,Validation,36,1,HOLD,0.5503,EXTERNAL,0.340431,0.803778,1.144209,29.75,70.25,Reported_EPS,0.221532,VIX_Level,0.156044
2024-08-19,INFY,Validation,32,1,HOLD,0.5373,EXTERNAL,0.082083,0.951889,1.033973,7.94,92.06,Days_Since_Earnings,0.036737,VIX_Level,0.256544
2024-08-19,RELIANCE,Validation,31,1,SELL,0.5456,EXTERNAL,0.18593,0.806692,0.992622,18.73,81.27,EPS_Surprise_Pct,0.135854,Normalized_ATR,0.231104
2024-08-19,TCS,Validation,39,1,HOLD,0.497,EXTERNAL,0.284444,0.788033,1.072477,26.52,73.48,Reported_EPS,0.170589,VIX_Level,0.141799
2024-08-20,INFY,Validation,33,1,HOLD,0.4707,EXTERNAL,0.085043,0.893072,0.978115,8.69,91.31,Days_Since_Earnings,0.045929,VIX_Level,0.23465
2024-08-20,RELIANCE,Validation,32,1,SELL,0.5105,EXTERNAL,0.206865,0.75911,0.965975,21.42,78.58,EPS_Surprise_Pct,0.14416,Return_21d,0.218754
2024-08-20,TCS,Validation,40,1,HOLD,0.5312,EXTERNAL,0.31746,0.714186,1.031646,30.77,69.23,Reported_EPS,0.200067,VIX_Level,0.214041
2024-08-21,INFY,Validation,34,2,HOLD,0.4733,EXTERNAL,0.087784,0.951561,1.039344,8.45,91.55,Days_Since_Earnings,0.044044,VIX_Level,0.237733
2024-08-21,RELIANCE,Validation,33,1,HOLD,0.366,EXTERNAL,0.040289,0.511852,0.55214,7.3,92.7,Reported_EPS,-0.012353,VIX_Level,0.166267
2024-08-21,TCS,Validation,41,1,HOLD,0.5502,EXTERNAL,0.329364,0.809266,1.13863,28.93,71.07,Reported_EPS,0.224239,VIX_Level,0.234159
2024-08-22,INFY,Validation,35,2,HOLD,0.449,EXTERNAL,0.078418,0.859762,0.938179,8.36,91.64,Days_Since_Earnings,0.03978,VIX_Level,0.277923
2024-08-22,RELIANCE,Validation,34,1,HOLD,0.3733,EXTERNAL,0.047776,0.606716,0.654492,7.3,92.7,Days_Since_Earnings,0.018733,VIX_Level,0.163948
2024-08-22,TCS,Validation,42,1,HOLD,0.4735,EXTERNAL,0.317275,0.661619,0.978893,32.41,67.59,Reported_EPS,0.220416,VIX_Level,0.190041
2024-08-23,INFY,Validation,36,2,SELL,0.4936,EXTERNAL,0.114681,0.795281,0.909961,12.6,87.4,EPS_Estimate,0.049771,Normalized_ATR,0.170235
2024-08-23,RELIANCE,Validation,35,1,HOLD,0.3695,EXTERNAL,0.052033,0.639392,0.691425,7.53,92.47,Days_Since_Earnings,0.022216,VIX_Level,0.19745
2024-08-23,TCS,Validation,43,2,SELL,0.4446,EXTERNAL,0.132353,0.820531,0.952884,13.89,86.11,EPS_Estimate,0.048163,SMA20_to_SMA50,0.140426
2024-08-26,INFY,Validation,39,2,SELL,0.4515,EXTERNAL,0.125524,0.799943,0.925467,13.56,86.44,EPS_Estimate,0.047514,Normalized_ATR,0.182033
2024-08-26,RELIANCE,Validation,38,1,HOLD,0.3723,EXTERNAL,0.052309,0.501041,0.553349,9.45,90.55,Days_Since_Earnings,0.025276,VIX_Level,0.17735
2024-08-26,TCS,Validation,46,1,SELL,0.4589,EXTERNAL,0.130886,0.790745,0.921631,14.2,85.8,EPS_Estimate,0.04611,SMA20_to_SMA50,0.148192
2024-08-27,INFY,Validation,40,2,SELL,0.4679,EXTERNAL,0.125512,0.774565,0.900077,13.94,86.06,EPS_Estimate,0.043261,Normalized_ATR,0.169393
2024-08-27,RELIANCE,Validation,39,1,HOLD,0.3932,EXTERNAL,0.05499,0.630358,0.685348,8.02,91.98,Days_Since_Earnings,0.023241,VIX_Level,0.146989
2024-08-27,TCS,Validation,47,1,HOLD,0.4505,EXTERNAL,0.27371,0.86204,1.13575,24.1,75.9,Reported_EPS,0.182316,Volume_to_MA20,0.264544
2024-08-28,INFY,Validation,41,1,HOLD,0.443,EXTERNAL,0.08172,0.745111,0.82683,9.88,90.12,Days_Since_Earnings,0.040703,VIX_Level,0.188422
2024-08-28,RELIANCE,Validation,40,1,HOLD,0.3717,EXTERNAL,0.053147,0.592697,0.645844,8.23,91.77,Days_Since_Earnings,0.022967,VIX_Level,0.18512
2024-08-28,TCS,Validation,48,1,SELL,0.4505,EXTERNAL,0.109095,0.776287,0.885381,12.32,87.68,EPS_Surprise_Pct,-0.044868,Normalized_ATR,0.148682
2024-08-29,INFY,Validation,42,1,HOLD,0.4267,EXTERNAL,0.076587,0.674245,0.750832,10.2,89.8,Days_Since_Earnings,0.042114,VIX_Level,0.212776
2024-08-29,RELIANCE,Validation,41,1,HOLD,0.416,EXTERNAL,0.081722,0.457878,0.5396,15.14,84.86,Days_Since_Earnings,0.036897,VIX_Level,0.142621
2024-08-29,TCS,Validation,49,1,SELL,0.4677,EXTERNAL,0.125256,0.76913,0.894386,14.0,86.0,EPS_Estimate,0.049749,Normalized_ATR,0.153577
2024-08-30,INFY,Validation,43,0,HOLD,0.4254,EXTERNAL,0.078809,0.683999,0.762808,10.33,89.67,Days_Since_Earnings,0.042938,VIX_Level,0.212056
2024-08-30,RELIANCE,Validation,42,0,HOLD,0.3552,EXTERNAL,0.06471,0.4486,0.51331,12.61,87.39,Days_Since_Earnings,0.034487,VIX_Level,0.127309
2024-08-30,TCS,Validation,50,0,SELL,0.4666,EXTERNAL,0.119471,0.765671,0.885143,13.5,86.5,EPS_Estimate,0.046375,SMA20_to_SMA50,0.153652
2024-09-02,INFY,Validation,46,0,HOLD,0.4592,EXTERNAL,0.074296,0.658578,0.732874,10.14,89.86,Days_Since_Earnings,0.037259,VIX_Level,0.241075
2024-09-02,RELIANCE,Validation,45,0,SELL,0.4141,EXTERNAL,0.277286,0.877158,1.154444,24.02,75.98,EPS_Surprise,0.135872,Volume_Change,0.241779
2024-09-02,TCS,Validation,53,1,HOLD,0.4191,EXTERNAL,0.248936,0.736084,0.98502,25.27,74.73,Reported_EPS,0.152471,Volume_to_MA20,0.190724
2024-09-03,INFY,Validation,47,1,SELL,0.4547,EXTERNAL,0.103564,0.753833,0.857396,12.08,87.92,EPS_Estimate,0.043875,SMA20_to_SMA50,0.149269
2024-09-03,RELIANCE,Validation,46,0,BUY,0.3669,EXTERNAL,0.114813,0.681669,0.796482,14.42,85.58,EPS_Surprise_Pct,-0.035413,Rolling_Volatility_20d,0.161476
2024-09-03,TCS,Validation,54,1,SELL,0.541,EXTERNAL,0.129322,0.867353,0.996675,12.98,87.02,EPS_Estimate,0.04411,Normalized_ATR,0.187487
2024-09-04,INFY,Validation,48,1,SELL,0.5319,EXTERNAL,0.115,0.850122,0.965122,11.92,88.08,EPS_Estimate,0.047477,Normalized_ATR,0.189623
2024-09-04,RELIANCE,Validation,47,0,BUY,0.3638,EXTERNAL,0.107551,0.650095,0.757645,14.2,85.8,Days_Since_Earnings,-0.03314,Rolling_Volatility_20d,0.163277
2024-09-04,TCS,Validation,55,1,HOLD,0.4266,EXTERNAL,0.237545,0.735381,0.972925,24.42,75.58,Reported_EPS,0.150274,VIX_Level,0.159475
2024-09-05,INFY,Validation,49,1,SELL,0.4889,EXTERNAL,0.118142,0.825792,0.943934,12.52,87.48,EPS_Estimate,0.0461,Normalized_ATR,0.175369
2024-09-05,RELIANCE,Validation,48,1,BUY,0.392,EXTERNAL,0.109319,0.823822,0.933141,11.72,88.28,EPS_Surprise_Pct,-0.032055,Rolling_Volatility_20d,0.141561
2024-09-05,TCS,Validation,56,1,SELL,0.47,EXTERNAL,0.132581,0.714453,0.847034,15.65,84.35,EPS_Estimate,0.043543,Normalized_ATR,0.185414
2024-09-06,INFY,Validation,50,2,SELL,0.4678,EXTERNAL,0.111053,0.727923,0.838976,13.24,86.76,EPS_Estimate,0.042568,Normalized_ATR,0.185979
2024-09-06,RELIANCE,Validation,49,1,BUY,0.4366,EXTERNAL,0.126416,0.772846,0.899262,14.06,85.94,EPS_Surprise_Pct,-0.055019,Rolling_Volatility_20d,0.147382
2024-09-06,TCS,Validation,57,1,SELL,0.4688,EXTERNAL,0.119915,0.698425,0.81834,14.65,85.35,EPS_Surprise_Pct,-0.040466,Normalized_ATR,0.1853
2024-09-09,INFY,Validation,53,2,SELL,0.459,EXTERNAL,0.122602,0.669059,0.79166,15.49,84.51,EPS_Estimate,0.048282,Normalized_ATR,0.19508
2024-09-09,RELIANCE,Validation,52,1,HOLD,0.3775,EXTERNAL,0.049827,0.607103,0.65693,7.58,92.42,Days_Since_Earnings,0.017548,VIX_Level,0.165592
2024-09-09,TCS,Validation,60,1,HOLD,0.5082,EXTERNAL,0.235681,0.841904,1.077586,21.87,78.13,Reported_EPS,0.142212,Volume_to_MA20,0.192562
2024-09-10,INFY,Validation,54,2,SELL,0.4456,EXTERNAL,0.120214,0.646752,0.766965,15.67,84.33,EPS_Estimate,0.053193,Normalized_ATR,0.19224
2024-09-10,RELIANCE,Validation,53,1,HOLD,0.403,EXTERNAL,0.044167,0.546688,0.590855,7.48,92.52,Days_Since_Earnings,0.016882,VIX_Level,0.190996
2024-09-10,TCS,Validation,61,1,HOLD,0.452,EXTERNAL,0.261744,0.663264,0.925007,28.3,71.7,Reported_EPS,0.160053,VIX_Level,0.140399
2024-09-11,INFY,Validation,55,1,SELL,0.4382,EXTERNAL,0.116145,0.704151,0.820296,14.16,85.84,EPS_Estimate,0.054635,Normalized_ATR,0.174992
2024-09-11,RELIANCE,Validation,54,1,HOLD,0.45,EXTERNAL,0.070677,0.612176,0.682853,10.35,89.65,EPS_Surprise,0.02575,VIX_Level,0.190229
2024-09-11,TCS,Validation,62,0,SELL,0.4496,EXTERNAL,0.176476,0.67373,0.850205,20.76,79.24,EPS_Estimate,0.056894,Normalized_ATR,0.195929
2024-09-12,INFY,Validation,56,0,SELL,0.4497,EXTERNAL,0.121798,0.823713,0.945511,12.88,87.12,EPS_Estimate,0.050566,Normalized_ATR,0.19055
2024-09-12,RELIANCE,Validation,55,1,SELL,0.3566,EXTERNAL,0.286078,0.792174,1.078252,26.53,73.47,EPS_Surprise_Pct,0.162017,Normalized_ATR,0.220746
2024-09-12,TCS,Validation,63,0,SELL,0.428,EXTERNAL,0.173469,0.75835,0.931819,18.62,81.38,EPS_Estimate,0.056072,Normalized_ATR,0.195141
2024-09-13,INFY,Validation,57,1,SELL,0.4907,EXTERNAL,0.116815,0.863026,0.979841,11.92,88.08,EPS_Estimate,0.059446,Normalized_ATR,0.166487
2024-09-13,RELIANCE,Validation,56,1,HOLD,0.3827,EXTERNAL,0.055873,0.705483,0.761356,7.34,92.66,Reported_EPS,-0.018229,VIX_Level,0.142589
2024-09-13,TCS,Validation,64,0,SELL,0.4413,EXTERNAL,0.161896,0.77225,0.934146,17.33,82.67,EPS_Estimate,0.057963,SMA20_to_SMA50,0.16736
2024-09-16,INFY,Validation,60,0,SELL,0.4757,EXTERNAL,0.130258,0.865611,0.99587,13.08,86.92,EPS_Estimate,0.061183,SMA20_to_SMA50,0.163489
2024-09-16,RELIANCE,Validation,59,1,HOLD,0.4106,EXTERNAL,0.063129,0.757481,0.820611,7.69,92.31,Days_Since_Earnings,0.024277,Volume_to_MA20,0.193097
2024-09-16,TCS,Validation,67,0,SELL,0.364,EXTERNAL,0.191467,0.747632,0.939099,20.39,79.61,EPS_Estimate,0.062282,Normalized_ATR,0.176479
2024-09-17,INFY,Validation,61,0,HOLD,0.4055,EXTERNAL,0.096838,0.759207,0.856045,11.31,88.69,Days_Since_Earnings,0.051837,Volume_to_MA20,0.173652
2024-09-17,RELIANCE,Validation,60,1,HOLD,0.4026,EXTERNAL,0.065271,0.818544,0.883815,7.39,92.61,Days_Since_Earnings,0.027871,Volume_to_MA20,0.185305
2024-09-17,TCS,Validation,68,0,BUY,0.394,EXTERNAL,0.181633,1.411312,1.592945,11.4,88.6,Reported_EPS,-0.0948,Rolling_Volatility_20d,0.810797
2024-09-18,INFY,Validation,62,1,SELL,0.4394,EXTERNAL,0.153595,0.846895,1.00049,15.35,84.65,EPS_Estimate,0.053503,Normalized_ATR,0.219289
2024-09-18,RELIANCE,Validation,61,2,HOLD,0.3765,EXTERNAL,0.065388,0.63467,0.700058,9.34,90.66,Days_Since_Earnings,0.031011,Volume_to_MA20,0.132101
2024-09-18,TCS,Validation,69,1,HOLD,0.4442,EXTERNAL,0.230649,0.880381,1.111031,20.76,79.24,Reported_EPS,0.105255,VIX_Level,0.188585
2024-09-19,INFY,Validation,63,1,SELL,0.4752,EXTERNAL,0.124736,0.679504,0.80424,15.51,84.49,EPS_Estimate,0.0526,Normalized_ATR,0.186292
2024-09-19,RELIANCE,Validation,62,1,BUY,0.4725,EXTERNAL,0.102431,0.907816,1.010247,10.14,89.86,EPS_Surprise_Pct,-0.044133,Rolling_Volatility_20d,0.168622
2024-09-19,TCS,Validation,70,1,HOLD,0.521,EXTERNAL,0.24502,1.09591,1.34093,18.27,81.73,Reported_EPS,0.108313,VIX_Level,0.272119
2024-09-20,INFY,Validation,64,1,HOLD,0.3906,EXTERNAL,0.097633,0.473059,0.570692,17.11,82.89,Days_Since_Earnings,0.046244,VIX_Level,0.12556
2024-09-20,RELIANCE,Validation,63,2,BUY,0.4162,EXTERNAL,0.098647,0.66398,0.762627,12.94,87.06,EPS_Surprise_Pct,-0.042582,Rolling_Volatility_20d,0.149426
2024-09-20,TCS,Validation,71,1,HOLD,0.5909,EXTERNAL,0.260784,0.946496,1.20728,21.6,78.4,Reported_EPS,0.121627,VIX_Level,0.257147
2024-09-23,INFY,Validation,67,1,HOLD,0.4843,EXTERNAL,0.158046,0.595929,0.753975,20.96,79.04,Days_Since_Earnings,0.093754,VIX_Level,0.124469
2024-09-23,RELIANCE,Validation,66,1,SELL,0.4784,EXTERNAL,0.359441,1.14178,1.501221,23.94,76.06,EPS_Surprise,0.191609,Volume_Change,0.374707
2024-09-23,TCS,Validation,74,1,HOLD,0.6355,EXTERNAL,0.25793,1.094233,1.352163,19.08,80.92,Reported_EPS,0.110314,VIX_Level,0.300107
2024-09-24,INFY,Validation,68,1,HOLD,0.4055,EXTERNAL,0.148276,0.574389,0.722666,20.52,79.48,Days_Since_Earnings,0.093358,VIX_Level,0.152143
2024-09-24,RELIANCE,Validation,67,1,BUY,0.3745,EXTERNAL,0.117831,0.722994,0.840825,14.01,85.99,EPS_Surprise_Pct,-0.0472,Rolling_Volatility_20d,0.138031
2024-09-24,TCS,Validation,75,1,HOLD,0.5297,EXTERNAL,0.253797,0.891357,1.145154,22.16,77.84,Reported_EPS,0.118368,VIX_Level,0.233175
2024-09-25,INFY,Validation,69,1,HOLD,0.429,EXTERNAL,0.134948,0.570599,0.705548,19.13,80.87,Days_Since_Earnings,0.08706,VIX_Level,0.135062
2024-09-25,RELIANCE,Validation,68,0,HOLD,0.3845,EXTERNAL,0.120205,0.67882,0.799025,15.04,84.96,Days_Since_Earnings,0.086922,Volume_to_MA20,0.15058
2024-09-25,TCS,Validation,76,1,HOLD,0.4701,EXTERNAL,0.245387,0.859742,1.105129,22.2,77.8,Reported_EPS,0.115947,VIX_Level,0.201985
2024-09-26,INFY,Validation,70,1,SELL,0.4025,EXTERNAL,0.189211,0.738892,0.928103,20.39,79.61,Days_Since_Earnings,-0.079207,Normalized_ATR,0.215121
2024-09-26,RELIANCE,Validation,69,0,HOLD,0.357,EXTERNAL,0.102009,0.62436,0.726369,14.04,85.96,Days_Since_Earnings,0.079432,VIX_Level,0.176856
2024-09-26,TCS,Validation,77,1,HOLD,0.4668,EXTERNAL,0.259759,0.826806,1.086565,23.91,76.09,Reported_EPS,0.135507,VIX_Level,0.189435
2024-09-27,INFY,Validation,71,1,HOLD,0.3896,EXTERNAL,0.142239,0.602803,0.745042,19.09,80.91,Days_Since_Earnings,0.092415,VIX_Level,0.156345
2024-09-27,RELIANCE,Validation,70,0,HOLD,0.5131,EXTERNAL,0.122345,0.767209,0.889554,13.75,86.25,Days_Since_Earnings,0.088993,Bollinger_PctB,0.185558
2024-09-27,TCS,Validation,78,1,SELL,0.4272,EXTERNAL,0.105948,0.614106,0.720055,14.71,85.29,Days_Since_Earnings,-0.038429,Normalized_ATR,0.176953
2024-09-30,INFY,Validation,74,2,HOLD,0.3865,EXTERNAL,0.147344,0.557427,0.704771,20.91,79.09,Days_Since_Earnings,0.090137,VIX_Level,0.13278
2024-09-30,RELIANCE,Validation,73,0,SELL,0.3698,EXTERNAL,0.225989,0.599884,0.825873,27.36,72.64,EPS_Surprise_Pct,0.105425,Normalized_ATR,0.19295
2024-09-30,TCS,Validation,81,1,HOLD,0.4646,EXTERNAL,0.246002,0.875053,1.121055,21.94,78.06,Reported_EPS,0.14394,VIX_Level,0.189648
2024-10-01,INFY,Validation,75,2,HOLD,0.4308,EXTERNAL,0.147578,0.61665,0.764228,19.31,80.69,Days_Since_Earnings,0.083182,VIX_Level,0.133545
2024-10-01,RELIANCE,Validation,74,0,SELL,0.5025,EXTERNAL,0.232226,0.744791,0.977017,23.77,76.23,EPS_Surprise_Pct,0.11404,Normalized_ATR,0.241534
2024-10-01,TCS,Validation,82,1,HOLD,0.4323,EXTERNAL,0.335153,0.724968,1.060121,31.61,68.39,Reported_EPS,0.158956,VIX_Level,0.216238
2024-10-03,INFY,Validation,77,1,HOLD,0.3983,EXTERNAL,0.127072,0.542112,0.669184,18.99,81.01,Days_Since_Earnings,0.076064,VIX_Level,0.140248
2024-10-03,RELIANCE,Validation,76,0,HOLD,0.5085,EXTERNAL,0.133531,0.944477,1.078008,12.39,87.61,Days_Since_Earnings,0.07973,VIX_Level,0.231564
2024-10-03,TCS,Validation,84,1,HOLD,0.3929,EXTERNAL,0.340228,0.783289,1.123517,30.28,69.72,Reported_EPS,0.142662,VIX_Level,0.214776
2024-10-04,INFY,Validation,78,1,HOLD,0.3579,EXTERNAL,0.070388,0.747201,0.817589,8.61,91.39,Days_Since_Earnings,0.030637,VIX_Level,0.142452
2024-10-04,RELIANCE,Validation,77,1,HOLD,0.4758,EXTERNAL,0.145975,1.152333,1.298308,11.24,88.76,Days_Since_Earnings,0.063429,VIX_Level,0.28079
2024-10-04,TCS,Validation,85,0,HOLD,0.4112,EXTERNAL,0.364098,0.92405,1.288149,28.27,71.73,Reported_EPS,0.150266,VIX_Level,0.264612
2024-10-07,INFY,Validation,81,1,SELL,0.3463,EXTERNAL,0.381476,0.54485,0.926326,41.18,58.82,Days_Since_Earnings,-0.305961,Return_21d,-0.101581
2024-10-07,RELIANCE,Validation,80,1,HOLD,0.3623,EXTERNAL,0.094371,1.01026,1.10463,8.54,91.46,EPS_Surprise,0.035579,NIFTY_Return_5d,-0.226517
2024-10-07,TCS,Validation,88,0,HOLD,0.4466,EXTERNAL,0.64508,0.805283,1.450364,44.48,55.52,Days_Since_Earnings,-0.298392,Volume_to_MA20,0.230651
2024-10-08,INFY,Validation,82,1,HOLD,0.3527,EXTERNAL,0.162759,0.660513,0.823272,19.77,80.23,Days_Since_Earnings,-0.105222,VIX_Level,0.218293
2024-10-08,RELIANCE,Validation,81,0,HOLD,0.5848,EXTERNAL,0.100961,0.914734,1.015696,9.94,90.06,EPS_Surprise,0.044816,VIX_Level,0.250338
2024-10-08,TCS,Validation,89,0,HOLD,0.4812,EXTERNAL,0.567951,0.848859,1.416809,40.09,59.91,Days_Since_Earnings,-0.252949,Volume_to_MA20,0.219175
2024-10-09,INFY,Validation,83,1,SELL,0.3615,EXTERNAL,0.101683,0.590573,0.692256,14.69,85.31,Days_Since_Earnings,-0.043524,RSI_14,0.10832
2024-10-09,RELIANCE,Validation,82,1,HOLD,0.5504,EXTERNAL,0.129241,0.87049,0.999731,12.93,87.07,Days_Since_Earnings,-0.049169,VIX_Level,0.288862
2024-10-09,TCS,Validation,90,0,HOLD,0.5288,EXTERNAL,0.574948,0.941036,1.515983,37.93,62.07,Days_Since_Earnings,-0.243311,Volume_to_MA20,0.280228
2024-10-10,INFY,Validation,84,2,SELL,0.3863,EXTERNAL,0.103258,0.434205,0.537463,19.21,80.79,EPS_Estimate,0.030997,Return_21d,-0.090373
2024-10-10,RELIANCE,Validation,83,1,HOLD,0.4844,EXTERNAL,0.148209,0.944538,1.092747,13.56,86.44,Days_Since_Earnings,-0.070741,VIX_Level,0.295048
2024-10-10,TCS,Validation,0,0,SELL,0.393,EXTERNAL,0.386922,1.017522,1.404444,27.55,72.45,Days_Since_Earnings,0.204639,Return_21d,0.207398
2024-10-11,INFY,Validation,85,0,SELL,0.4151,EXTERNAL,0.07357,0.43344,0.50701,14.51,85.49,EPS_Estimate,0.038794,Return_21d,-0.092276
2024-10-11,RELIANCE,Validation,84,1,HOLD,0.5316,EXTERNAL,0.19874,1.098647,1.297387,15.32,84.68,Days_Since_Earnings,-0.127197,VIX_Level,0.308421
2024-10-11,TCS,Validation,1,1,SELL,0.3479,EXTERNAL,0.345332,0.906478,1.25181,27.59,72.41,Days_Since_Earnings,0.166997,Return_21d,0.207173
2024-10-14,INFY,Validation,88,0,SELL,0.3588,EXTERNAL,0.192352,0.509672,0.702024,27.4,72.6,Days_Since_Earnings,0.1386,Bollinger_PctB,-0.144987
2024-10-14,RELIANCE,Validation,0,1,HOLD,0.4437,EXTERNAL,0.101591,1.039354,1.140945,8.9,91.1,Days_Since_Earnings,-0.029756,VIX_Level,0.24733
2024-10-14,TCS,Validation,4,1,HOLD,0.5201,EXTERNAL,0.257541,0.853252,1.110793,23.19,76.81,Reported_EPS,0.193261,VIX_Level,0.192868
2024-10-15,INFY,Validation,89,0,SELL,0.3951,EXTERNAL,0.174071,0.474261,0.648331,26.85,73.15,Days_Since_Earnings,0.117155,Bollinger_PctB,-0.127021
2024-10-15,RELIANCE,Validation,1,1,HOLD,0.3559,EXTERNAL,0.057578,0.980554,1.038131,5.55,94.45,EPS_Surprise_Pct,0.015591,VIX_Level,0.228129
2024-10-15,TCS,Validation,5,0,SELL,0.3839,EXTERNAL,0.273277,0.917029,1.190306,22.96,77.04,Days_Since_Earnings,0.138354,Return_21d,0.213449
2024-10-16,INFY,Validation,90,0,SELL,0.4057,EXTERNAL,0.154246,0.268678,0.422924,36.47,63.53,Days_Since_Earnings,0.101806,Return_21d,-0.067103
2024-10-16,RELIANCE,Validation,2,1,HOLD,0.3879,EXTERNAL,0.056051,0.794931,0.850982,6.59,93.41,EPS_Surprise_Pct,0.016855,VIX_Level,0.235304
2024-10-16,TCS,Validation,6,1,HOLD,0.4979,EXTERNAL,0.187775,0.796545,0.98432,19.08,80.92,Reported_EPS,0.121434,VIX_Level,0.232972
2024-10-17,INFY,Validation,0,0,BUY,0.3551,EXTERNAL,0.106262,0.68633,0.792592,13.41,86.59,EPS_Surprise,-0.034251,VIX_Level,-0.136934
2024-10-17,RELIANCE,Validation,3,1,HOLD,0.3704,EXTERNAL,0.051834,0.755782,0.807616,6.42,93.58,Days_Since_Earnings,-0.017758,VIX_Level,0.196701
2024-10-17,TCS,Validation,7,1,BUY,0.4844,EXTERNAL,0.096212,1.496785,1.592997,6.04,93.96,Reported_EPS,-0.041306,Rolling_Volatility_20d,0.796711
2024-10-18,INFY,Validation,1,1,SELL,0.3724,EXTERNAL,0.345723,0.453628,0.799351,43.25,56.75,Days_Since_Earnings,0.164944,Return_21d,-0.085021
2024-10-18,RELIANCE,Validation,4,0,HOLD,0.4073,EXTERNAL,0.074474,0.763999,0.838473,8.88,91.12,Days_Since_Earnings,-0.022415,VIX_Level,0.188967
2024-10-18,TCS,Validation,8,1,BUY,0.5438,EXTERNAL,0.124463,1.647309,1.771772,7.02,92.98,Reported_EPS,-0.071221,Rolling_Volatility_20d,0.8305
2024-10-21,INFY,Validation,4,1,HOLD,0.4876,EXTERNAL,0.082537,0.790884,0.873421,9.45,90.55,EPS_Surprise_Pct,0.025521,VIX_Level,0.232289
2024-10-21,RELIANCE,Validation,7,0,HOLD,0.3613,EXTERNAL,0.045184,0.641953,0.687137,6.58,93.42,Reported_EPS,-0.018105,VIX_Level,0.2225
2024-10-21,TCS,Validation,11,1,BUY,0.4669,EXTERNAL,0.109999,1.521809,1.631809,6.74,93.26,Reported_EPS,-0.055559,Rolling_Volatility_20d,0.758773
2024-10-22,INFY,Validation,5,1,HOLD,0.4672,EXTERNAL,0.104638,0.792993,0.897631,11.66,88.34,Days_Since_Earnings,-0.033335,VIX_Level,0.202522
2024-10-22,RELIANCE,Validation,8,1,SELL,0.3626,EXTERNAL,0.337732,0.971896,1.309628,25.79,74.21,EPS_Surprise_Pct,0.163573,Return_21d,0.205354
2024-10-22,TCS,Validation,12,1,BUY,0.4903,EXTERNAL,0.098069,1.602439,1.700508,5.77,94.23,Reported_EPS,-0.039577,Rolling_Volatility_20d,0.768332
2024-10-23,INFY,Validation,6,0,HOLD,0.435,EXTERNAL,0.072859,0.712893,0.785752,9.27,90.73,EPS_Surprise_Pct,0.024932,VIX_Level,0.157526
2024-10-23,RELIANCE,Validation,9,1,SELL,0.3665,EXTERNAL,0.365438,0.9541,1.319538,27.69,72.31,EPS_Surprise_Pct,0.163889,Return_21d,0.206354
2024-10-23,TCS,Validation,13,1,HOLD,0.5077,EXTERNAL,0.30542,0.660227,0.965647,31.63,68.37,Reported_EPS,0.219981,VIX_Level,0.129369
2024-10-24,INFY,Validation,7,0,HOLD,0.4658,EXTERNAL,0.067554,0.715998,0.783552,8.62,91.38,Reported_EPS,-0.020673,VIX_Level,0.172712
2024-10-24,RELIANCE,Validation,10,1,BUY,0.3769,EXTERNAL,0.067547,0.828482,0.896029,7.54,92.46,EPS_Estimate,-0.028751,Close_to_SMA200,0.091153
2024-10-24,TCS,Validation,14,1,BUY,0.4427,EXTERNAL,0.129928,0.99446,1.124388,11.56,88.44,Reported_EPS,-0.07649,Rolling_Volatility_20d,0.200296
2024-10-25,INFY,Validation,8,0,HOLD,0.4245,EXTERNAL,0.077199,0.688639,0.765838,10.08,89.92,EPS_Surprise_Pct,0.023297,VIX_Level,0.192084
2024-10-25,RELIANCE,Validation,11,1,SELL,0.3629,EXTERNAL,0.252884,0.896432,1.149316,22.0,78.0,EPS_Surprise_Pct,0.160721,Return_21d,0.207385
2024-10-25,TCS,Validation,15,1,HOLD,0.4211,EXTERNAL,0.258174,0.587094,0.845268,30.54,69.46,Reported_EPS,0.185641,VIX_Level,0.143209
2024-10-28,INFY,Validation,11,0,HOLD,0.4616,EXTERNAL,0.05706,0.676868,0.733928,7.77,92.23,EPS_Surprise_Pct,0.019821,VIX_Level,0.198469
2024-10-28,RELIANCE,Validation,14,0,BUY,0.3964,EXTERNAL,0.085626,0.718917,0.804543,10.64,89.36,EPS_Surprise_Pct,-0.031426,Close_to_SMA200,0.086627
2024-10-28,TCS,Validation,18,0,HOLD,0.4753,EXTERNAL,0.30283,0.630627,0.933458,32.44,67.56,Reported_EPS,0.221192,Volume_to_MA20,0.136356
2024-10-29,INFY,Validation,12,0,HOLD,0.3979,EXTERNAL,0.055733,0.589839,0.645573,8.63,91.37,EPS_Surprise_Pct,0.021848,VIX_Level,0.174712
2024-10-29,RELIANCE,Validation,15,0,BUY,0.4563,EXTERNAL,0.079749,0.814516,0.894265,8.92,91.08,EPS_Surprise_Pct,-0.026271,RSI_14,0.087845
2024-10-29,TCS,Validation,19,0,HOLD,0.5077,EXTERNAL,0.313569,0.765724,1.079293,29.05,70.95,Reported_EPS,0.225473,Volume_to_MA20,0.175356
2024-10-30,INFY,Validation,13,1,HOLD,0.3705,EXTERNAL,0.066182,0.469103,0.535285,12.36,87.64,EPS_Surprise_Pct,0.022911,Normalized_MACD_Hist,0.171642
2024-10-30,RELIANCE,Validation,16,1,BUY,0.4326,EXTERNAL,0.080596,0.658226,0.738823,10.91,89.09,EPS_Estimate,-0.031738,RSI_14,0.106141
2024-10-30,TCS,Validation,20,1,BUY,0.4099,EXTERNAL,0.168529,0.826709,0.995238,16.93,83.07,Reported_EPS,-0.102654,Rolling_Volatility_20d,0.198879
2024-10-31,INFY,Validation,14,2,BUY,0.4084,EXTERNAL,0.140092,0.806781,0.946873,14.8,85.2,EPS_Surprise,-0.052431,Return_10d,0.143851
2024-10-31,RELIANCE,Validation,17,1,BUY,0.4714,EXTERNAL,0.075084,0.789368,0.864452,8.69,91.31,EPS_Estimate,-0.025529,Rolling_Volatility_20d,0.09942
2024-10-31,TCS,Validation,21,2,BUY,0.4984,EXTERNAL,0.116077,0.907334,1.023412,11.34,88.66,Reported_EPS,-0.046316,RSI_14,0.144079
2024-11-01,INFY,Validation,15,2,HOLD,0.4699,EXTERNAL,0.090546,0.717729,0.808275,11.2,88.8,Days_Since_Earnings,0.031345,Volume_to_MA20,0.168428
2024-11-01,RELIANCE,Validation,18,0,BUY,0.5088,EXTERNAL,0.067876,0.846999,0.914875,7.42,92.58,Reported_EPS,0.020184,RSI_14,0.098802
2024-11-01,TCS,Validation,22,2,HOLD,0.4827,EXTERNAL,0.326986,0.82193,1.148916,28.46,71.54,Reported_EPS,0.23443,Volume_to_MA20,0.30804
2024-11-04,INFY,Validation,18,2,HOLD,0.4339,EXTERNAL,0.071832,0.662778,0.734609,9.78,90.22,EPS_Surprise_Pct,0.023997,Normalized_MACD_Hist,0.115825
2024-11-04,RELIANCE,Validation,21,0,BUY,0.4654,EXTERNAL,0.069752,0.721098,0.79085,8.82,91.18,EPS_Surprise_Pct,-0.034146,Volume_Change,0.112296
2024-11-04,TCS,Validation,25,2,BUY,0.5218,EXTERNAL,0.142588,0.989572,1.13216,12.59,87.41,Reported_EPS,-0.058384,Rolling_Volatility_20d,0.16167
2024-11-05,INFY,Validation,19,2,HOLD,0.513,EXTERNAL,0.083703,0.691752,0.775455,10.79,89.21,Days_Since_Earnings,0.033817,Normalized_MACD_Hist,0.131287
2024-11-05,RELIANCE,Validation,22,0,BUY,0.4532,EXTERNAL,0.059418,0.705236,0.764654,7.77,92.23,Days_Since_Earnings,-0.016148,Rolling_Volatility_20d,0.099846
2024-11-05,TCS,Validation,26,2,HOLD,0.4508,EXTERNAL,0.3005,0.783549,1.084048,27.72,72.28,Reported_EPS,0.214501,Volume_to_MA20,0.289868
2024-11-06,INFY,Validation,20,2,HOLD,0.4637,EXTERNAL,0.090919,0.693683,0.784602,11.59,88.41,Days_Since_Earnings,0.042634,VIX_Level,0.143975
2024-11-06,RELIANCE,Validation,23,0,BUY,0.5269,EXTERNAL,0.022684,1.002632,1.025316,2.21,97.79,Days_Since_Earnings,-0.010174,RSI_14,0.100768
2024-11-06,TCS,Validation,27,1,HOLD,0.4788,EXTERNAL,0.295529,0.637686,0.933215,31.67,68.33,Reported_EPS,0.232801,Volume_to_MA20,-0.105656
2024-11-07,INFY,Validation,21,2,HOLD,0.447,EXTERNAL,0.078898,0.651215,0.730113,10.81,89.19,Days_Since_Earnings,0.040562,VIX_Level,0.140494
2024-11-07,RELIANCE,Validation,24,0,BUY,0.4561,EXTERNAL,0.046274,0.799825,0.8461,5.47,94.53,EPS_Surprise_Pct,-0.02235,Close_to_SMA200,0.103369
2024-11-07,TCS,Validation,28,1,HOLD,0.4786,EXTERNAL,0.267325,0.600722,0.868047,30.8,69.2,Reported_EPS,0.184376,VIX_Level,0.167199
2024-11-08,INFY,Validation,22,1,SELL,0.395,EXTERNAL,0.270662,0.682165,0.952827,28.41,71.59,Days_Since_Earnings,-0.113735,Return_21d,0.149224
2024-11-08,RELIANCE,Validation,25,1,BUY,0.456,EXTERNAL,0.045662,0.774563,0.820225,5.57,94.43,Days_Since_Earnings,-0.014972,Close_to_SMA200,0.140424
2024-11-08,TCS,Validation,29,0,HOLD,0.5383,EXTERNAL,0.296927,0.596143,0.893069,33.25,66.75,Reported_EPS,0.206341,VIX_Level,0.199762
2024-11-11,INFY,Validation,25,1,SELL,0.4358,EXTERNAL,0.263803,0.8222,1.086004,24.29,75.71,Days_Since_Earnings,-0.10617,Return_21d,0.223504
2024-11-11,RELIANCE,Validation,28,0,BUY,0.4116,EXTERNAL,0.042882,0.754098,0.796981,5.38,94.62,Days_Since_Earnings,-0.020739,Close_to_SMA200,0.155773
2024-11-11,TCS,Validation,32,0,HOLD,0.7316,EXTERNAL,0.370948,0.942096,1.313043,28.25,71.75,Reported_EPS,0.288204,VIX_Level,0.142911
2024-11-12,INFY,Validation,26,1,HOLD,0.4193,EXTERNAL,0.06454,0.687625,0.752165,8.58,91.42,Days_Since_Earnings,0.039308,VIX_Level,0.210698
2024-11-12,RELIANCE,Validation,29,0,BUY,0.4646,EXTERNAL,0.050301,0.865921,0.916222,5.49,94.51,Days_Since_Earnings,-0.017186,Close_to_SMA200,0.174433
2024-11-12,TCS,Validation,33,0,HOLD,0.6597,EXTERNAL,0.297486,0.678038,0.975524,30.49,69.51,Reported_EPS,0.200396,VIX_Level,0.243337
2024-11-13,INFY,Validation,27,1,SELL,0.422,EXTERNAL,0.202968,0.76256,0.965528,21.02,78.98,EPS_Surprise,0.094729,Return_21d,0.229466
2024-11-13,RELIANCE,Validation,30,1,BUY,0.5544,EXTERNAL,0.097418,1.023185,1.120603,8.69,91.31,EPS_Surprise_Pct,-0.034244,Close_to_SMA200,0.310671
2024-11-13,TCS,Validation,34,2,HOLD,0.5589,EXTERNAL,0.401751,0.696439,1.09819,36.58,63.42,Reported_EPS,0.284905,Volume_to_MA20,0.357012
2024-11-14,INFY,Validation,28,1,HOLD,0.4479,EXTERNAL,0.049376,0.6465,0.695876,7.1,92.9,Days_Since_Earnings,0.033203,VIX_Level,0.226728
2024-11-14,RELIANCE,Validation,31,1,BUY,0.42,EXTERNAL,0.072088,0.800335,0.872423,8.26,91.74,EPS_Surprise_Pct,-0.032183,Close_to_SMA200,0.178587
2024-11-14,TCS,Validation,35,2,HOLD,0.4782,EXTERNAL,0.269066,0.639197,0.908262,29.62,70.38,Reported_EPS,0.207887,VIX_Level,0.207604
2024-11-18,INFY,Validation,32,2,SELL,0.4221,EXTERNAL,0.205079,0.628338,0.833417,24.61,75.39,EPS_Surprise,0.090908,Return_21d,0.139712
2024-11-18,RELIANCE,Validation,35,2,BUY,0.5399,EXTERNAL,0.059835,1.028222,1.088057,5.5,94.5,Days_Since_Earnings,-0.028855,Close_to_SMA200,0.363831
2024-11-18,TCS,Validation,39,2,HOLD,0.3808,EXTERNAL,0.210231,0.558187,0.768418,27.36,72.64,Reported_EPS,0.140322,Volume_to_MA20,-0.140198
2024-11-19,INFY,Validation,33,2,BUY,0.3404,EXTERNAL,0.137382,0.505508,0.64289,21.37,78.63,Days_Since_Earnings,-0.041529,SMA20_to_SMA50,0.070309
2024-11-19,RELIANCE,Validation,36,2,BUY,0.5197,EXTERNAL,0.06929,0.864735,0.934025,7.42,92.58,Days_Since_Earnings,-0.029392,Close_to_SMA200,0.349116
2024-11-19,TCS,Validation,40,2,HOLD,0.3827,EXTERNAL,0.246626,0.476704,0.72333,34.1,65.9,Reported_EPS,0.177544,Volume_to_MA20,-0.099457
2024-11-21,INFY,Validation,35,1,BUY,0.3557,EXTERNAL,0.133341,0.480119,0.61346,21.74,78.26,Days_Since_Earnings,-0.039699,SMA20_to_SMA50,0.076138
2024-11-21,RELIANCE,Validation,38,2,BUY,0.5415,EXTERNAL,0.09725,0.983074,1.080323,9.0,91.0,EPS_Surprise_Pct,-0.032929,Close_to_SMA200,0.336498
2024-11-21,TCS,Validation,42,2,HOLD,0.3491,EXTERNAL,0.23934,0.522063,0.761403,31.43,68.57,Reported_EPS,0.16309,Volume_to_MA20,-0.12109
2024-11-22,INFY,Validation,36,0,BUY,0.4202,EXTERNAL,0.124214,0.565644,0.689858,18.01,81.99,EPS_Surprise_Pct,0.031269,SMA20_to_SMA50,0.070484
2024-11-22,RELIANCE,Validation,39,2,BUY,0.4485,EXTERNAL,0.052899,0.778622,0.831521,6.36,93.64,Days_Since_Earnings,-0.026477,Close_to_SMA200,0.12125
2024-11-22,TCS,Validation,43,1,HOLD,0.5918,EXTERNAL,0.331809,0.75964,1.091449,30.4,69.6,Reported_EPS,0.229914,Bollinger_PctB,0.126592
2024-11-25,INFY,Validation,39,1,BUY,0.4413,EXTERNAL,0.114014,0.520854,0.634868,17.96,82.04,Days_Since_Earnings,-0.027217,SMA20_to_SMA50,0.077286
2024-11-25,RELIANCE,Validation,42,1,BUY,0.3811,EXTERNAL,0.076635,0.418871,0.495506,15.47,84.53,Days_Since_Earnings,-0.027578,Normalized_MACD_Hist,0.045893
2024-11-25,TCS,Validation,46,1,HOLD,0.556,EXTERNAL,0.270024,0.69551,0.965534,27.97,72.03,Reported_EPS,0.179745,Bollinger_PctB,0.218608
2024-11-26,INFY,Validation,40,1,HOLD,0.3854,EXTERNAL,0.057909,0.391264,0.449174,12.89,87.11,Days_Since_Earnings,0.040058,Volume_to_MA20,-0.058278
2024-11-26,RELIANCE,Validation,43,2,HOLD,0.3909,EXTERNAL,0.090079,0.486427,0.576506,15.63,84.37,Reported_EPS,-0.037857,Volume_to_MA20,0.101688
2024-11-26,TCS,Validation,47,1,HOLD,0.5265,EXTERNAL,0.248723,0.60649,0.855213,29.08,70.92,Reported_EPS,0.164236,Bollinger_PctB,0.155846
2024-11-27,INFY,Validation,41,1,HOLD,0.4888,EXTERNAL,0.059331,0.552888,0.612219,9.69,90.31,Days_Since_Earnings,0.042857,VIX_Level,0.216248
2024-11-27,RELIANCE,Validation,44,1,HOLD,0.4772,EXTERNAL,0.072594,0.677856,0.75045,9.67,90.33,Reported_EPS,-0.034641,VIX_Level,0.194603
2024-11-27,TCS,Validation,48,1,HOLD,0.583,EXTERNAL,0.231386,0.758929,0.990314,23.36,76.64,Reported_EPS,0.159814,VIX_Level,0.241648
2024-11-28,INFY,Validation,42,2,BUY,0.3877,EXTERNAL,0.102642,0.714819,0.817461,12.56,87.44,Days_Since_Earnings,-0.025772,VIX_Level,-0.12397
2024-11-28,RELIANCE,Validation,45,2,BUY,0.3763,EXTERNAL,0.066826,0.683072,0.749899,8.91,91.09,Days_Since_Earnings,-0.035062,Close_to_SMA200,0.162816
2024-11-28,TCS,Validation,49,2,HOLD,0.4234,EXTERNAL,0.211146,0.582649,0.793795,26.6,73.4,Reported_EPS,0.149234,Volume_to_MA20,-0.089111
2024-11-29,INFY,Validation,43,2,HOLD,0.3947,EXTERNAL,0.066197,0.582986,0.649184,10.2,89.8,Days_Since_Earnings,0.034217,VIX_Level,0.193881
2024-11-29,RELIANCE,Validation,46,1,HOLD,0.3929,EXTERNAL,0.093342,0.590504,0.683846,13.65,86.35,Reported_EPS,-0.037998,VIX_Level,0.198657
2024-11-29,TCS,Validation,50,2,HOLD,0.4256,EXTERNAL,0.177606,0.672345,0.849951,20.9,79.1,Reported_EPS,0.133515,VIX_Level,0.214805
2024-12-02,INFY,Validation,46,2,HOLD,0.3917,EXTERNAL,0.069737,0.643358,0.713095,9.78,90.22,Days_Since_Earnings,0.028545,Volume_to_MA20,0.1597
2024-12-02,RELIANCE,Validation,49,1,HOLD,0.425,EXTERNAL,0.083772,0.571917,0.655689,12.78,87.22,Reported_EPS,-0.032866,VIX_Level,0.212373
2024-12-02,TCS,Validation,53,2,HOLD,0.4472,EXTERNAL,0.173557,0.6934,0.866957,20.02,79.98,Reported_EPS,0.126369,VIX_Level,0.236711
2024-12-03,INFY,Validation,47,2,HOLD,0.4229,EXTERNAL,0.074,0.638454,0.712454,10.39,89.61,Days_Since_Earnings,0.035964,VIX_Level,0.238434
2024-12-03,RELIANCE,Validation,50,0,HOLD,0.4649,EXTERNAL,0.092546,0.585422,0.677968,13.65,86.35,Reported_EPS,-0.034162,VIX_Level,0.241627
2024-12-03,TCS,Validation,54,2,HOLD,0.4124,EXTERNAL,0.157646,0.8419,0.999546,15.77,84.23,Reported_EPS,0.111264,VIX_Level,0.26645
2024-12-04,INFY,Validation,48,2,HOLD,0.3795,EXTERNAL,0.069343,0.648533,0.717876,9.66,90.34,Days_Since_Earnings,0.030676,VIX_Level,0.205594
2024-12-04,RELIANCE,Validation,51,0,SELL,0.3985,EXTERNAL,0.153145,0.492132,0.645276,23.73,76.27,EPS_Surprise_Pct,0.06947,SMA20_to_SMA50,-0.094769
2024-12-04,TCS,Validation,55,1,SELL,0.3614,EXTERNAL,0.167771,0.45474,0.622511,26.95,73.05,EPS_Surprise_Pct,-0.066469,RSI_14,0.09712
2024-12-05,INFY,Validation,49,2,HOLD,0.4447,EXTERNAL,0.071953,0.718277,0.790231,9.11,90.89,Days_Since_Earnings,0.0432,VIX_Level,0.220389
2024-12-05,RELIANCE,Validation,52,0,SELL,0.4015,EXTERNAL,0.199516,0.692535,0.892051,22.37,77.63,EPS_Surprise_Pct,0.12193,Normalized_ATR,0.118678
2024-12-05,TCS,Validation,56,1,HOLD,0.5327,EXTERNAL,0.277532,0.981404,1.258935,22.04,77.96,Reported_EPS,0.182241,VIX_Level,0.191625
2024-12-06,INFY,Validation,50,2,HOLD,0.449,EXTERNAL,0.073129,0.703763,0.776891,9.41,90.59,Days_Since_Earnings,0.040555,VIX_Level,0.187871
2024-12-06,RELIANCE,Validation,53,0,HOLD,0.4025,EXTERNAL,0.070835,0.629642,0.700476,10.11,89.89,Days_Since_Earnings,0.027028,VIX_Level,0.200623
2024-12-06,TCS,Validation,57,1,HOLD,0.5422,EXTERNAL,0.26731,0.714406,0.981716,27.23,72.77,Reported_EPS,0.18975,VIX_Level,0.254256
2024-12-09,INFY,Validation,53,2,HOLD,0.3905,EXTERNAL,0.067842,0.475501,0.543343,12.49,87.51,Days_Since_Earnings,0.035193,VIX_Level,0.181482
2024-12-09,RELIANCE,Validation,56,0,SELL,0.4321,EXTERNAL,0.221321,0.604603,0.825923,26.8,73.2,EPS_Surprise_Pct,0.139711,Normalized_ATR,0.132475
2024-12-09,TCS,Validation,60,1,HOLD,0.5427,EXTERNAL,0.269347,0.767308,1.036655,25.98,74.02,Reported_EPS,0.189627,VIX_Level,0.239997
2024-12-10,INFY,Validation,54,1,HOLD,0.4308,EXTERNAL,0.062803,0.660022,0.722825,8.69,91.31,Days_Since_Earnings,0.037892,VIX_Level,0.220118
2024-12-10,RELIANCE,Validation,57,0,SELL,0.3721,EXTERNAL,0.279061,0.558096,0.837157,33.33,66.67,EPS_Surprise_Pct,0.159339,Normalized_ATR,0.151027
2024-12-10,TCS,Validation,61,0,HOLD,0.4887,EXTERNAL,0.280399,0.695688,0.976087,28.73,71.27,Reported_EPS,0.195336,VIX_Level,0.212709
2024-12-11,INFY,Validation,55,1,HOLD,0.5504,EXTERNAL,0.056394,0.945577,1.00197,5.63,94.37,Days_Since_Earnings,0.036349,VIX_Level,0.255449
2024-12-11,RELIANCE,Validation,58,1,SELL,0.3433,EXTERNAL,0.283715,0.5566,0.840315,33.76,66.24,EPS_Surprise_Pct,0.162786,Normalized_ATR,0.150268
2024-12-11,TCS,Validation,62,1,HOLD,0.5302,EXTERNAL,0.272956,0.761438,1.034394,26.39,73.61,Reported_EPS,0.185964,VIX_Level,0.222392
2024-12-12,INFY,Validation,56,0,HOLD,0.5104,EXTERNAL,0.056091,0.781697,0.837788,6.7,93.3,Days_Since_Earnings,0.036806,VIX_Level,0.245981
2024-12-12,RELIANCE,Validation,59,0,BUY,0.3826,EXTERNAL,0.036397,0.777366,0.813763,4.47,95.53,EPS_Surprise_Pct,-0.015003,Close_to_SMA200,0.187398
2024-12-12,TCS,Validation,63,0,HOLD,0.5084,EXTERNAL,0.250201,0.755539,1.00574,24.88,75.12,Reported_EPS,0.171891,VIX_Level,0.2548
2024-12-13,INFY,Validation,57,0,HOLD,0.48,EXTERNAL,0.061011,0.751661,0.812672,7.51,92.49,Days_Since_Earnings,0.043702,VIX_Level,0.219178
2024-12-13,RELIANCE,Validation,60,0,BUY,0.3839,EXTERNAL,0.038633,0.667217,0.705849,5.47,94.53,EPS_Estimate,0.014334,Close_to_SMA200,0.132162
2024-12-13,TCS,Validation,64,0,HOLD,0.4481,EXTERNAL,0.256706,0.660907,0.917613,27.98,72.02,Reported_EPS,0.18201,VIX_Level,0.223335
2024-12-16,INFY,Validation,60,0,HOLD,0.4579,EXTERNAL,0.081668,0.747188,0.828856,9.85,90.15,Days_Since_Earnings,0.047816,VIX_Level,0.208185
2024-12-16,RELIANCE,Validation,63,0,BUY,0.3944,EXTERNAL,0.03326,0.72602,0.75928,4.38,95.62,EPS_Surprise_Pct,-0.016086,Close_to_SMA200,0.150704
2024-12-16,TCS,Validation,67,0,HOLD,0.4288,EXTERNAL,0.224626,0.765287,0.989913,22.69,77.31,Reported_EPS,0.106572,VIX_Level,0.167454
2024-12-17,INFY,Validation,61,0,HOLD,0.4278,EXTERNAL,0.075479,0.556641,0.63212,11.94,88.06,Days_Since_Earnings,0.04527,VIX_Level,0.22943
2024-12-17,RELIANCE,Validation,64,1,BUY,0.5151,EXTERNAL,0.050711,1.004202,1.054913,4.81,95.19,EPS_Surprise_Pct,-0.027514,Close_to_SMA200,0.347916
2024-12-17,TCS,Validation,68,0,SELL,0.3872,EXTERNAL,0.303242,0.458125,0.761367,39.83,60.17,Days_Since_Earnings,-0.142725,Normalized_ATR,0.096651
2024-12-18,INFY,Validation,62,0,HOLD,0.5022,EXTERNAL,0.092728,0.843328,0.936057,9.91,90.09,Days_Since_Earnings,0.051221,VIX_Level,0.245024
2024-12-18,RELIANCE,Validation,65,0,BUY,0.4215,EXTERNAL,0.062078,0.822765,0.884843,7.02,92.98,EPS_Surprise_Pct,-0.022601,Close_to_SMA200,0.187017
2024-12-18,TCS,Validation,69,0,HOLD,0.5455,EXTERNAL,0.296232,0.647835,0.944067,31.38,68.62,Reported_EPS,0.149864,VIX_Level,0.168223
2024-12-19,INFY,Validation,63,1,HOLD,0.3981,EXTERNAL,0.075777,0.678702,0.754479,10.04,89.96,Days_Since_Earnings,0.035986,VIX_Level,0.198585
2024-12-19,RELIANCE,Validation,66,1,HOLD,0.4484,EXTERNAL,0.085564,0.766013,0.851577,10.05,89.95,Days_Since_Earnings,0.035998,VIX_Level,0.262932
2024-12-19,TCS,Validation,70,0,HOLD,0.478,EXTERNAL,0.229138,0.736776,0.965913,23.72,76.28,Reported_EPS,0.086068,VIX_Level,0.18062
2024-12-20,INFY,Validation,64,1,BUY,0.3413,EXTERNAL,0.118912,0.717958,0.83687,14.21,85.79,EPS_Surprise,-0.0387,VIX_Level,-0.147396
2024-12-20,RELIANCE,Validation,67,1,BUY,0.5616,EXTERNAL,0.048553,1.106183,1.154736,4.2,95.8,EPS_Surprise_Pct,-0.02946,Close_to_SMA200,0.363597
2024-12-20,TCS,Validation,71,1,HOLD,0.4832,EXTERNAL,0.248305,0.956166,1.20447,20.62,79.38,Reported_EPS,0.122629,NIFTY_Return_5d,-0.188624
2024-12-23,INFY,Validation,67,0,HOLD,0.4906,EXTERNAL,0.170359,0.642451,0.81281,20.96,79.04,Days_Since_Earnings,0.100942,Volume_to_MA20,0.16563
2024-12-23,RELIANCE,Validation,70,1,HOLD,0.5193,EXTERNAL,0.147213,0.809673,0.956885,15.38,84.62,Days_Since_Earnings,0.085984,VIX_Level,0.200527
2024-12-23,TCS,Validation,74,1,HOLD,0.6176,EXTERNAL,0.250947,0.910631,1.161577,21.6,78.4,Reported_EPS,0.117254,VIX_Level,0.289698
2025-01-02,INFY,Test,77,0,HOLD,0.4948,EXTERNAL,0.131524,0.622285,0.753808,17.45,82.55,Days_Since_Earnings,0.070066,VIX_Level,0.1645
2025-01-02,RELIANCE,Test,80,1,BUY,0.3607,EXTERNAL,0.056076,0.845273,0.901349,6.22,93.78,Days_Since_Earnings,0.02242,Close_to_SMA200,0.147316
2025-01-02,TCS,Test,84,0,HOLD,0.5845,EXTERNAL,0.427466,0.842561,1.270027,33.66,66.34,Reported_EPS,0.202101,VIX_Level,0.265624
2025-01-03,INFY,Test,78,1,SELL,0.3487,EXTERNAL,0.282867,0.401052,0.683918,41.36,58.64,Days_Since_Earnings,-0.113649,SMA20_to_SMA50,0.088826
2025-01-03,RELIANCE,Test,81,1,SELL,0.491,EXTERNAL,0.151708,0.888092,1.0398,14.59,85.41,EPS_Surprise_Pct,0.11845,Return_21d,0.2432
2025-01-03,TCS,Test,85,2,HOLD,0.4781,EXTERNAL,0.406317,0.811407,1.217724,33.37,66.63,Days_Since_Earnings,-0.179986,VIX_Level,0.274228
2025-01-06,INFY,Test,81,1,BUY,0.3792,EXTERNAL,0.134292,0.468944,0.603236,22.26,77.74,Days_Since_Earnings,0.060445,Return_21d,0.063651
2025-01-06,RELIANCE,Test,84,1,BUY,0.4901,EXTERNAL,0.095499,0.996437,1.091936,8.75,91.25,EPS_Estimate,-0.031085,Close_to_SMA200,0.371717
2025-01-06,TCS,Test,88,2,HOLD,0.3787,EXTERNAL,0.599355,0.660934,1.260289,47.56,52.44,Days_Since_Earnings,-0.34627,Normalized_MACD_Hist,0.166966
2025-01-07,INFY,Test,82,1,HOLD,0.3654,EXTERNAL,0.136506,0.489136,0.625642,21.82,78.18,Days_Since_Earnings,-0.080387,VIX_Level,0.182368
2025-01-07,RELIANCE,Test,85,1,SELL,0.478,EXTERNAL,0.260287,0.849927,1.110214,23.44,76.56,EPS_Surprise_Pct,0.12187,Return_21d,0.258836
2025-01-07,TCS,Test,89,2,HOLD,0.4519,EXTERNAL,0.539502,0.921081,1.460583,36.94,63.06,Days_Since_Earnings,-0.302265,VIX_Level,0.273648
2025-01-08,INFY,Test,83,1,SELL,0.3981,EXTERNAL,0.185357,0.406525,0.591882,31.32,68.68,EPS_Surprise_Pct,-0.073739,SMA20_to_SMA50,0.095182
2025-01-08,RELIANCE,Test,86,1,SELL,0.5922,EXTERNAL,0.330954,0.965328,1.296281,25.53,74.47,EPS_Surprise_Pct,0.132887,Return_21d,0.257402
2025-01-08,TCS,Test,90,2,SELL,0.4045,EXTERNAL,0.159582,0.416483,0.576066,27.7,72.3,EPS_Surprise_Pct,-0.059469,Return_21d,0.16076
2025-01-09,INFY,Test,84,1,SELL,0.3921,EXTERNAL,0.23013,0.379613,0.609743,37.74,62.26,EPS_Surprise_Pct,-0.077109,SMA20_to_SMA50,0.089056
2025-01-09,RELIANCE,Test,87,1,SELL,0.529,EXTERNAL,0.286352,0.965063,1.251415,22.88,77.12,EPS_Surprise_Pct,0.12095,Return_21d,0.263893
2025-01-09,TCS,Test,0,2,SELL,0.3778,EXTERNAL,0.211167,0.647131,0.858299,24.6,75.4,Days_Since_Earnings,0.126643,Return_21d,0.210058
2025-01-10,INFY,Test,85,0,SELL,0.3426,EXTERNAL,0.202216,0.476146,0.678362,29.81,70.19,EPS_Surprise_Pct,-0.0738,Return_21d,-0.092014
2025-01-10,RELIANCE,Test,88,2,SELL,0.4065,EXTERNAL,0.27549,0.820069,1.095559,25.15,74.85,EPS_Surprise_Pct,0.10827,Return_21d,0.182427
2025-01-10,TCS,Test,1,0,HOLD,0.4877,EXTERNAL,0.269113,0.711542,0.980655,27.44,72.56,Reported_EPS,0.179572,VIX_Level,0.162661
2025-01-13,INFY,Test,88,0,BUY,0.4076,EXTERNAL,0.146647,0.350196,0.496843,29.52,70.48,Days_Since_Earnings,0.059935,SMA20_to_SMA50,-0.055171
2025-01-13,RELIANCE,Test,91,2,SELL,0.4275,EXTERNAL,0.28121,0.611168,0.892378,31.51,68.49,EPS_Surprise_Pct,0.120172,Normalized_ATR,0.124928
2025-01-13,TCS,Test,4,0,SELL,0.4325,EXTERNAL,0.119093,0.675926,0.795019,14.98,85.02,Days_Since_Earnings,0.055585,Return_21d,0.185661
2025-01-14,INFY,Test,89,0,SELL,0.428,EXTERNAL,0.140821,0.377531,0.518352,27.17,72.83,EPS_Surprise_Pct,-0.072436,Return_21d,-0.078172
2025-01-14,RELIANCE,Test,92,2,SELL,0.4054,EXTERNAL,0.281953,0.65907,0.941023,29.96,70.04,EPS_Surprise_Pct,0.122599,Normalized_ATR,0.12288
2025-01-14,TCS,Test,5,0,SELL,0.4474,EXTERNAL,0.117775,0.716639,0.834414,14.11,85.89,Days_Since_Earnings,0.056117,Return_21d,0.214976
2025-01-15,INFY,Test,90,0,SELL,0.3635,EXTERNAL,0.15227,0.333708,0.485979,31.33,68.67,EPS_Surprise_Pct,-0.069682,Return_21d,-0.080678
2025-01-15,RELIANCE,Test,93,1,SELL,0.3664,EXTERNAL,0.286245,0.681452,0.967697,29.58,70.42,EPS_Surprise_Pct,0.116662,Normalized_ATR,0.142114
2025-01-15,TCS,Test,6,0,HOLD,0.4855,EXTERNAL,0.32824,0.584502,0.912742,35.96,64.04,Reported_EPS,0.230085,Volume_to_MA20,0.124145
2025-01-16,INFY,Test,0,0,BUY,0.3728,EXTERNAL,0.089936,0.581063,0.670999,13.4,86.6,Reported_EPS,0.02803,Volume_Change,0.173892
2025-01-16,RELIANCE,Test,0,1,BUY,0.4453,EXTERNAL,0.11207,0.541422,0.653492,17.15,82.85,Days_Since_Earnings,0.035372,Normalized_ATR,-0.084274
2025-01-16,TCS,Test,7,1,SELL,0.423,EXTERNAL,0.112221,0.755417,0.867638,12.93,87.07,Days_Since_Earnings,0.052645,Return_21d,0.208916
2025-01-17,INFY,Test,1,2,BUY,0.371,EXTERNAL,0.070102,0.738931,0.809033,8.66,91.34,Days_Since_Earnings,0.016532,Volume_Change,0.119008
2025-01-17,RELIANCE,Test,1,0,HOLD,0.4414,EXTERNAL,0.034385,0.660232,0.694617,4.95,95.05,EPS_Surprise,0.010618,Bollinger_PctB,0.198339
2025-01-17,TCS,Test,8,1,HOLD,0.374,EXTERNAL,0.275876,0.53931,0.815186,33.84,66.16,Reported_EPS,0.179967,Volume_to_MA20,0.080434
2025-01-20,INFY,Test,4,1,BUY,0.362,EXTERNAL,0.077928,0.764234,0.842162,9.25,90.75,Days_Since_Earnings,0.020662,Return_10d,0.151344
2025-01-20,RELIANCE,Test,4,0,HOLD,0.4831,EXTERNAL,0.034631,0.708699,0.74333,4.66,95.34,EPS_Surprise,0.012314,Bollinger_PctB,0.225239
2025-01-20,TCS,Test,11,1,HOLD,0.5334,EXTERNAL,0.338371,0.757669,1.09604,30.87,69.13,Reported_EPS,0.250908,Volume_to_MA20,0.3602
2025-01-21,INFY,Test,5,1,BUY,0.3572,EXTERNAL,0.071842,0.761627,0.833469,8.62,91.38,Days_Since_Earnings,0.021639,Return_10d,0.132556
2025-01-21,RELIANCE,Test,5,0,BUY,0.3961,EXTERNAL,0.147043,0.610396,0.757439,19.41,80.59,Days_Since_Earnings,0.064511,Normalized_MACD_Hist,-0.12547
2025-01-21,TCS,Test,12,1,HOLD,0.3657,EXTERNAL,0.224206,0.417243,0.641449,34.95,65.05,Reported_EPS,0.163848,VIX_Level,-0.084665
2025-01-22,INFY,Test,6,1,SELL,0.4536,EXTERNAL,0.214815,0.516572,0.731388,29.37,70.63,Days_Since_Earnings,0.163003,Return_21d,0.182217
2025-01-22,RELIANCE,Test,6,0,BUY,0.39,EXTERNAL,0.100861,0.463214,0.564075,17.88,82.12,Days_Since_Earnings,0.026929,Normalized_MACD,0.066469
2025-01-22,TCS,Test,13,1,HOLD,0.4519,EXTERNAL,0.283641,0.602909,0.88655,31.99,68.01,Reported_EPS,0.213151,Open_Close_Spread_Pct,0.123996
2025-01-23,INFY,Test,7,1,SELL,0.4755,EXTERNAL,0.210128,0.542114,0.752242,27.93,72.07,Days_Since_Earnings,0.16026,Return_21d,0.173018
2025-01-23,RELIANCE,Test,7,1,BUY,0.4622,EXTERNAL,0.117091,0.586141,0.703233,16.65,83.35,Days_Since_Earnings,0.035758,SMA20_to_SMA50,0.07047
2025-01-23,TCS,Test,14,1,HOLD,0.3907,EXTERNAL,0.27423,0.523012,0.797243,34.4,65.6,Reported_EPS,0.18818,VIX_Level,-0.095683
2025-01-24,INFY,Test,8,1,SELL,0.3901,EXTERNAL,0.153337,0.53284,0.686177,22.35,77.65,Days_Since_Earnings,0.104985,Return_21d,-0.088467
2025-01-24,RELIANCE,Test,8,1,BUY,0.5016,EXTERNAL,0.121709,0.581268,0.702977,17.31,82.69,Days_Since_Earnings,0.035994,Close_to_SMA200,0.107071
2025-01-24,TCS,Test,15,1,HOLD,0.4071,EXTERNAL,0.284177,0.488982,0.773158,36.76,63.24,Reported_EPS,0.204122,VIX_Level,-0.097896
2025-01-27,INFY,Test,11,2,BUY,0.3791,EXTERNAL,0.073979,0.726426,0.800405,9.24,90.76,Days_Since_Earnings,0.02388,Return_10d,0.140044
2025-01-27,RELIANCE,Test,11,1,BUY,0.4838,EXTERNAL,0.105023,0.621319,0.726342,14.46,85.54,Days_Since_Earnings,0.031808,Close_to_SMA200,0.167759
2025-01-27,TCS,Test,18,1,HOLD,0.4726,EXTERNAL,0.313187,0.638038,0.951225,32.92,67.08,Reported_EPS,0.198735,Volume_to_MA20,0.203071
2025-01-28,INFY,Test,12,2,HOLD,0.3586,EXTERNAL,0.052547,0.51335,0.565897,9.29,90.71,Reported_EPS,-0.01449,Normalized_MACD_Hist,0.110267
2025-01-28,RELIANCE,Test,12,2,BUY,0.5413,EXTERNAL,0.127733,0.64883,0.776563,16.45,83.55,Days_Since_Earnings,0.046029,Close_to_SMA200,0.173293
2025-01-28,TCS,Test,19,1,HOLD,0.4086,EXTERNAL,0.275338,0.514676,0.790014,34.85,65.15,Reported_EPS,0.193015,VIX_Level,-0.079131
2025-01-29,INFY,Test,13,1,HOLD,0.363,EXTERNAL,0.051706,0.34558,0.397286,13.01,86.99,Reported_EPS,-0.018616,VIX_Level,-0.081347
2025-01-29,RELIANCE,Test,13,2,BUY,0.4749,EXTERNAL,0.117448,0.636123,0.753571,15.59,84.41,Days_Since_Earnings,0.039541,Close_to_SMA200,0.130034
2025-01-29,TCS,Test,20,1,HOLD,0.514,EXTERNAL,0.361965,0.626982,0.988947,36.6,63.4,Reported_EPS,0.255203,Volume_to_MA20,0.271358
2025-01-30,INFY,Test,14,2,BUY,0.4222,EXTERNAL,0.1043,0.480824,0.585124,17.83,82.17,Days_Since_Earnings,0.029195,SMA20_to_SMA50,0.07401
2025-01-30,RELIANCE,Test,14,2,BUY,0.4237,EXTERNAL,0.137908,0.636922,0.774831,17.8,82.2,Days_Since_Earnings,0.047732,Close_to_SMA200,0.087116
2025-01-30,TCS,Test,21,1,HOLD,0.5007,EXTERNAL,0.371491,0.563748,0.935239,39.72,60.28,Reported_EPS,0.234681,Volume_to_MA20,0.223841
2025-01-31,INFY,Test,15,1,SELL,0.3576,EXTERNAL,0.211137,0.532101,0.743238,28.41,71.59,Days_Since_Earnings,-0.15503,Return_21d,0.142383
2025-01-31,RELIANCE,Test,15,1,BUY,0.3933,EXTERNAL,0.11583,0.596637,0.712467,16.26,83.74,Days_Since_Earnings,0.036949,Normalized_ATR,-0.080212
2025-01-31,TCS,Test,22,0,HOLD,0.5066,EXTERNAL,0.377914,0.645226,1.02314,36.94,63.06,Reported_EPS,0.249448,Volume_to_MA20,0.219754
2025-02-03,INFY,Test,18,1,HOLD,0.3724,EXTERNAL,0.082023,0.559299,0.641322,12.79,87.21,Days_Since_Earnings,0.029709,VIX_Level,0.124211
2025-02-03,RELIANCE,Test,18,1,BUY,0.3973,EXTERNAL,0.14009,0.681642,0.821732,17.05,82.95,Days_Since_Earnings,0.047573,Close_to_SMA200,0.132641
2025-02-03,TCS,Test,25,1,HOLD,0.5431,EXTERNAL,0.38216,0.829674,1.211834,31.54,68.46,Reported_EPS,0.291404,Volume_to_MA20,0.264159
2025-02-04,INFY,Test,19,1,HOLD,0.4381,EXTERNAL,0.092684,0.627951,0.720635,12.86,87.14,Days_Since_Earnings,0.045101,VIX_Level,0.175182
2025-02-04,RELIANCE,Test,19,0,HOLD,0.4612,EXTERNAL,0.100947,0.722652,0.823599,12.26,87.74,Days_Since_Earnings,0.038597,VIX_Level,0.209225
2025-02-04,TCS,Test,26,0,HOLD,0.4992,EXTERNAL,0.354236,0.749867,1.104103,32.08,67.92,Reported_EPS,0.267221,VIX_Level,0.20618
2025-02-05,INFY,Test,20,1,HOLD,0.3768,EXTERNAL,0.080293,0.550696,0.630989,12.72,87.28,Days_Since_Earnings,0.035524,VIX_Level,0.172775
2025-02-05,RELIANCE,Test,20,0,HOLD,0.3734,EXTERNAL,0.085571,0.467474,0.553045,15.47,84.53,Days_Since_Earnings,0.033517,VIX_Level,0.147127
2025-02-05,TCS,Test,27,0,HOLD,0.4642,EXTERNAL,0.330497,0.62909,0.959587,34.44,65.56,Reported_EPS,0.235399,VIX_Level,0.146486
2025-02-06,INFY,Test,21,0,HOLD,0.4472,EXTERNAL,0.085554,0.52047,0.606024,14.12,85.88,Days_Since_Earnings,0.041108,VIX_Level,0.160224
2025-02-06,RELIANCE,Test,21,0,HOLD,0.3951,EXTERNAL,0.077367,0.477504,0.554871,13.94,86.06,Days_Since_Earnings,0.03414,VIX_Level,0.165787
2025-02-06,TCS,Test,28,0,HOLD,0.4606,EXTERNAL,0.30768,0.717961,1.025641,30.0,70.0,Reported_EPS,0.22754,VIX_Level,0.177234
2025-02-07,INFY,Test,22,0,HOLD,0.4293,EXTERNAL,0.087604,0.609594,0.697198,12.57,87.43,Days_Since_Earnings,0.044148,VIX_Level,0.124505
2025-02-07,RELIANCE,Test,22,0,BUY,0.3731,EXTERNAL,0.101122,0.683363,0.784485,12.89,87.11,EPS_Surprise,-0.024128,Normalized_ATR,-0.084999
2025-02-07,TCS,Test,29,0,HOLD,0.4149,EXTERNAL,0.301348,0.565374,0.866722,34.77,65.23,Reported_EPS,0.220892,VIX_Level,0.135958
2025-02-10,INFY,Test,25,0,HOLD,0.3711,EXTERNAL,0.081683,0.616064,0.697747,11.71,88.29,Days_Since_Earnings,0.043023,VIX_Level,0.133566
2025-02-10,RELIANCE,Test,25,0,BUY,0.3781,EXTERNAL,0.107722,0.620931,0.728653,14.78,85.22,Days_Since_Earnings,-0.032984,Normalized_ATR,-0.088562
2025-02-10,TCS,Test,32,0,HOLD,0.3883,EXTERNAL,0.268674,0.631009,0.899683,29.86,70.14,Reported_EPS,0.177166,VIX_Level,0.142901
2025-02-11,INFY,Test,26,1,HOLD,0.4227,EXTERNAL,0.081631,0.637416,0.719047,11.35,88.65,Days_Since_Earnings,0.041487,VIX_Level,0.167635
2025-02-11,RELIANCE,Test,26,1,BUY,0.4108,EXTERNAL,0.102645,0.652332,0.754977,13.6,86.4,Days_Since_Earnings,-0.031038,Close_to_SMA200,0.164505
2025-02-11,TCS,Test,33,0,HOLD,0.4531,EXTERNAL,0.246434,0.741369,0.987803,24.95,75.05,Reported_EPS,0.148458,VIX_Level,0.242276
2025-02-12,INFY,Test,27,0,SELL,0.3726,EXTERNAL,0.120549,0.513117,0.633667,19.02,80.98,Days_Since_Earnings,-0.07137,Return_21d,0.121992
2025-02-12,RELIANCE,Test,27,1,BUY,0.4059,EXTERNAL,0.094536,0.688432,0.782968,12.07,87.93,Days_Since_Earnings,-0.029144,Close_to_SMA200,0.126122
2025-02-12,TCS,Test,34,0,HOLD,0.493,EXTERNAL,0.261103,0.751395,1.012498,25.79,74.21,Reported_EPS,0.158503,VIX_Level,0.245722
2025-02-13,INFY,Test,28,1,HOLD,0.3789,EXTERNAL,0.075218,0.573469,0.648687,11.6,88.4,Days_Since_Earnings,0.040936,VIX_Level,0.168786
2025-02-13,RELIANCE,Test,28,1,HOLD,0.4955,EXTERNAL,0.082607,0.785189,0.867796,9.52,90.48,Days_Since_Earnings,0.034667,VIX_Level,0.22391
2025-02-13,TCS,Test,35,0,HOLD,0.4835,EXTERNAL,0.241213,0.794814,1.036027,23.28,76.72,Reported_EPS,0.132745,VIX_Level,0.204089
2025-02-14,INFY,Test,29,0,SELL,0.4041,EXTERNAL,0.063826,0.482333,0.546159,11.69,88.31,EPS_Estimate,0.021927,Return_21d,0.123164
2025-02-14,RELIANCE,Test,29,1,SELL,0.3632,EXTERNAL,0.058043,0.486414,0.544457,10.66,89.34,EPS_Surprise_Pct,-0.01885,Return_21d,0.130541
2025-02-14,TCS,Test,36,0,HOLD,0.5322,EXTERNAL,0.296443,0.67536,0.971803,30.5,69.5,Reported_EPS,0.196693,VIX_Level,0.180146
2025-02-17,INFY,Test,32,0,BUY,0.3931,EXTERNAL,0.112423,0.567808,0.680231,16.53,83.47,Days_Since_Earnings,-0.033976,Normalized_MACD_Hist,0.078597
2025-02-17,RELIANCE,Test,32,1,SELL,0.3773,EXTERNAL,0.052894,0.498024,0.550918,9.6,90.4,EPS_Surprise_Pct,-0.018797,Return_21d,0.129954
2025-02-17,TCS,Test,39,0,HOLD,0.4577,EXTERNAL,0.266704,0.571846,0.838551,31.81,68.19,Reported_EPS,0.164051,Volume_to_MA20,-0.084272
2025-02-18,INFY,Test,33,0,BUY,0.3757,EXTERNAL,0.115411,0.536283,0.651693,17.71,82.29,Days_Since_Earnings,-0.032142,SMA20_to_SMA50,0.074947
2025-02-18,RELIANCE,Test,33,1,HOLD,0.3477,EXTERNAL,0.11679,0.50001,0.6168,18.93,81.07,Days_Since_Earnings,0.04541,Volume_to_MA20,0.107914
2025-02-18,TCS,Test,40,0,HOLD,0.4704,EXTERNAL,0.255141,0.559592,0.814732,31.32,68.68,Reported_EPS,0.153394,Normalized_MACD_Hist,0.092477
2025-02-19,INFY,Test,34,0,BUY,0.4272,EXTERNAL,0.103659,0.548259,0.651919,15.9,84.1,Days_Since_Earnings,-0.030788,RSI_14,0.109493
2025-02-19,RELIANCE,Test,34,1,SELL,0.4177,EXTERNAL,0.097548,0.600296,0.697845,13.98,86.02,Days_Since_Earnings,0.042256,Return_21d,0.148492
2025-02-19,TCS,Test,41,0,BUY,0.4195,EXTERNAL,0.10533,0.947097,1.052426,10.01,89.99,Reported_EPS,-0.04063,RSI_14,0.143142
2025-02-20,INFY,Test,35,0,HOLD,0.4044,EXTERNAL,0.069505,0.589065,0.658571,10.55,89.45,Days_Since_Earnings,0.026941,Volume_to_MA20,0.165757
2025-02-20,RELIANCE,Test,35,0,SELL,0.4584,EXTERNAL,0.094244,0.639236,0.73348,12.85,87.15,EPS_Surprise_Pct,-0.024452,Return_21d,0.166497
2025-02-20,TCS,Test,42,0,BUY,0.4228,EXTERNAL,0.111399,1.10383,1.215229,9.17,90.83,Reported_EPS,-0.042853,SMA20_to_SMA50,0.167402
2025-02-21,INFY,Test,36,0,HOLD,0.4009,EXTERNAL,0.070668,0.511049,0.581717,12.15,87.85,Days_Since_Earnings,0.029279,VIX_Level,0.132542
2025-02-21,RELIANCE,Test,36,0,SELL,0.3864,EXTERNAL,0.111152,0.513489,0.624641,17.79,82.21,Days_Since_Earnings,0.060473,Normalized_ATR,0.164937
2025-02-21,TCS,Test,43,0,HOLD,0.4216,EXTERNAL,0.210309,0.705219,0.915528,22.97,77.03,Reported_EPS,0.130247,VIX_Level,0.169744
2025-02-24,INFY,Test,39,0,HOLD,0.3868,EXTERNAL,0.080517,0.774372,0.854889,9.42,90.58,Days_Since_Earnings,0.032387,VIX_Level,0.196449
2025-02-24,RELIANCE,Test,39,0,HOLD,0.346,EXTERNAL,0.071908,0.656869,0.728777,9.87,90.13,Days_Since_Earnings,0.030665,VIX_Level,0.184967
2025-02-24,TCS,Test,46,0,BUY,0.4625,EXTERNAL,0.089916,1.164906,1.254821,7.17,92.83,Reported_EPS,-0.033147,SMA20_to_SMA50,0.155038
2025-02-25,INFY,Test,40,0,HOLD,0.5286,EXTERNAL,0.076799,0.651985,0.728784,10.54,89.46,Days_Since_Earnings,0.032585,VIX_Level,0.2138
2025-02-25,RELIANCE,Test,40,0,BUY,0.5118,EXTERNAL,0.099344,1.035044,1.134388,8.76,91.24,Days_Since_Earnings,-0.023484,Close_to_SMA200,0.376423
2025-02-25,TCS,Test,47,0,HOLD,0.4507,EXTERNAL,0.22283,1.097175,1.320005,16.88,83.12,Reported_EPS,0.155288,VIX_Level,0.256055
2025-02-27,INFY,Test,42,0,HOLD,0.4383,EXTERNAL,0.080428,0.56871,0.649138,12.39,87.61,Days_Since_Earnings,0.027013,VIX_Level,0.140515
2025-02-27,RELIANCE,Test,42,1,BUY,0.4111,EXTERNAL,0.10179,0.830233,0.932023,10.92,89.08,EPS_Estimate,-0.022904,Close_to_SMA200,0.182966
2025-02-27,TCS,Test,49,1,HOLD,0.4339,EXTERNAL,0.258044,1.155274,1.413318,18.26,81.74,Reported_EPS,0.195736,VIX_Level,0.237064
2025-02-28,INFY,Test,43,1,HOLD,0.3824,EXTERNAL,0.071419,1.218283,1.289702,5.54,94.46,Days_Since_Earnings,0.024711,VIX_Level,0.243505
2025-02-28,RELIANCE,Test,43,2,BUY,0.4924,EXTERNAL,0.083006,1.011267,1.094273,7.59,92.41,EPS_Estimate,-0.023949,Close_to_SMA200,0.324397
2025-02-28,TCS,Test,50,2,BUY,0.4443,EXTERNAL,0.066706,1.28502,1.351725,4.93,95.07,Reported_EPS,-0.030401,Close_to_SMA200,0.321574
2025-03-03,INFY,Test,46,1,HOLD,0.3603,EXTERNAL,0.080569,0.842458,0.923028,8.73,91.27,Days_Since_Earnings,0.028393,VIX_Level,0.206314
2025-03-03,RELIANCE,Test,46,2,BUY,0.441,EXTERNAL,0.089998,1.027298,1.117296,8.05,91.95,EPS_Estimate,-0.024772,Close_to_SMA200,0.427685
2025-03-03,TCS,Test,53,2,BUY,0.4455,EXTERNAL,0.075268,1.256252,1.33152,5.65,94.35,Reported_EPS,-0.039032,Close_to_SMA200,0.309905
2025-03-04,INFY,Test,47,1,BUY,0.3925,EXTERNAL,0.076415,0.871293,0.947709,8.06,91.94,Days_Since_Earnings,-0.028215,VIX_Level,-0.119585
2025-03-04,RELIANCE,Test,47,2,HOLD,0.4375,EXTERNAL,0.080373,0.788139,0.868512,9.25,90.75,Days_Since_Earnings,0.029108,VIX_Level,0.216117
2025-03-04,TCS,Test,54,1,BUY,0.5428,EXTERNAL,0.07243,1.470969,1.543399,4.69,95.31,Days_Since_Earnings,-0.03084,Close_to_SMA200,0.423505
2025-03-05,INFY,Test,48,0,HOLD,0.3713,EXTERNAL,0.075557,0.762562,0.838119,9.02,90.98,Days_Since_Earnings,0.028671,VIX_Level,0.189388
2025-03-05,RELIANCE,Test,48,2,BUY,0.5264,EXTERNAL,0.098239,1.369893,1.468133,6.69,93.31,EPS_Estimate,-0.024439,Close_to_SMA200,0.450329
2025-03-05,TCS,Test,55,1,BUY,0.5919,EXTERNAL,0.066606,1.523285,1.589891,4.19,95.81,Days_Since_Earnings,-0.028066,Close_to_SMA200,0.428567
2025-03-06,INFY,Test,49,0,BUY,0.3761,EXTERNAL,0.077989,0.883264,0.961253,8.11,91.89,EPS_Estimate,-0.028731,SMA20_to_SMA50,0.128604
2025-03-06,RELIANCE,Test,49,2,BUY,0.3819,EXTERNAL,0.104804,0.635749,0.740552,14.15,85.85,EPS_Surprise_Pct,-0.02793,Close_to_SMA200,0.186598
2025-03-06,TCS,Test,56,0,BUY,0.4023,EXTERNAL,0.097961,1.135541,1.233503,7.94,92.06,Reported_EPS,-0.039478,SMA20_to_SMA50,0.194874
2025-03-07,INFY,Test,50,0,BUY,0.4781,EXTERNAL,0.054525,1.035998,1.090523,5.0,95.0,EPS_Estimate,-0.02145,RSI_14,0.146144
2025-03-07,RELIANCE,Test,50,1,HOLD,0.3905,EXTERNAL,0.077349,0.635473,0.712822,10.85,89.15,EPS_Surprise,0.029184,VIX_Level,0.161498
2025-03-07,TCS,Test,57,0,HOLD,0.4282,EXTERNAL,0.30727,0.579159,0.886429,34.66,65.34,Reported_EPS,0.20773,VIX_Level,0.135915
2025-03-10,INFY,Test,53,0,BUY,0.4634,EXTERNAL,0.056271,0.986016,1.042287,5.4,94.6,EPS_Estimate,-0.022462,SMA20_to_SMA50,0.162052
2025-03-10,RELIANCE,Test,53,1,SELL,0.4686,EXTERNAL,0.094151,0.870748,0.964899,9.76,90.24,Days_Since_Earnings,0.054954,Return_21d,0.267484
2025-03-10,TCS,Test,60,0,HOLD,0.5011,EXTERNAL,0.380447,0.860546,1.240993,30.66,69.34,Reported_EPS,0.264525,Volume_to_MA20,0.26083
2025-03-11,INFY,Test,54,0,BUY,0.3944,EXTERNAL,0.069728,0.881582,0.95131,7.33,92.67,EPS_Estimate,-0.025996,SMA20_to_SMA50,0.155822
2025-03-11,RELIANCE,Test,54,1,HOLD,0.4328,EXTERNAL,0.081071,0.530265,0.611336,13.26,86.74,EPS_Surprise,0.032641,VIX_Level,0.206491
2025-03-11,TCS,Test,61,1,BUY,0.4916,EXTERNAL,0.091904,1.027627,1.119531,8.21,91.79,Reported_EPS,-0.033881,Close_to_SMA200,0.25095
2025-03-12,INFY,Test,55,1,BUY,0.4394,EXTERNAL,0.072897,1.069145,1.142042,6.38,93.62,Days_Since_Earnings,-0.042636,SMA20_to_SMA50,0.165238
2025-03-12,RELIANCE,Test,55,1,HOLD,0.4966,EXTERNAL,0.076649,0.554294,0.630943,12.15,87.85,Days_Since_Earnings,0.033999,VIX_Level,0.228264
2025-03-12,TCS,Test,62,2,BUY,0.5737,EXTERNAL,0.079497,1.235695,1.315192,6.04,93.96,Reported_EPS,-0.025915,Close_to_SMA200,0.401703
2025-03-13,INFY,Test,56,1,BUY,0.4649,EXTERNAL,0.075542,1.060264,1.135806,6.65,93.35,Days_Since_Earnings,-0.039422,Close_to_SMA200,0.178911
2025-03-13,RELIANCE,Test,56,2,HOLD,0.3892,EXTERNAL,0.084433,0.46042,0.544853,15.5,84.5,Days_Since_Earnings,0.036723,VIX_Level,0.182716
2025-03-13,TCS,Test,63,2,BUY,0.5121,EXTERNAL,0.077366,1.173353,1.250719,6.19,93.81,EPS_Surprise,-0.029923,Close_to_SMA200,0.368347
2025-03-17,INFY,Test,60,2,BUY,0.3918,EXTERNAL,0.06938,1.019246,1.088625,6.37,93.63,EPS_Estimate,-0.027529,Close_to_SMA200,0.18238
2025-03-17,RELIANCE,Test,60,2,BUY,0.3742,EXTERNAL,0.089385,0.623525,0.71291,12.54,87.46,EPS_Surprise,-0.023749,Normalized_ATR,-0.075456
2025-03-17,TCS,Test,67,2,BUY,0.5604,EXTERNAL,0.083076,1.091471,1.174547,7.07,92.93,EPS_Surprise,-0.021954,Close_to_SMA200,0.385924
2025-03-18,INFY,Test,61,1,HOLD,0.4551,EXTERNAL,0.086851,1.066565,1.153416,7.53,92.47,Days_Since_Earnings,0.043762,VIX_Level,0.207349
2025-03-18,RELIANCE,Test,61,2,HOLD,0.4702,EXTERNAL,0.111459,0.707401,0.81886,13.61,86.39,Days_Since_Earnings,0.047824,VIX_Level,0.196086
2025-03-18,TCS,Test,68,2,HOLD,0.4786,EXTERNAL,0.394468,1.035928,1.430396,27.58,72.42,Reported_EPS,0.256887,Volume_to_MA20,0.289663
2025-03-20,INFY,Test,63,1,HOLD,0.4183,EXTERNAL,0.075848,0.867128,0.942976,8.04,91.96,Days_Since_Earnings,0.03988,VIX_Level,0.164224
2025-03-20,RELIANCE,Test,63,1,HOLD,0.4815,EXTERNAL,0.077623,0.625078,0.702701,11.05,88.95,Days_Since_Earnings,0.037444,VIX_Level,0.216082
2025-03-20,TCS,Test,70,2,HOLD,0.4285,EXTERNAL,0.332013,0.727294,1.059307,31.34,68.66,Reported_EPS,0.207497,VIX_Level,0.143939
2025-03-21,INFY,Test,64,1,BUY,0.4647,EXTERNAL,0.074822,1.060683,1.135505,6.59,93.41,Days_Since_Earnings,0.024262,RSI_14,0.150522
2025-03-21,RELIANCE,Test,64,1,HOLD,0.532,EXTERNAL,0.071568,0.636776,0.708344,10.1,89.9,Days_Since_Earnings,0.039699,VIX_Level,0.258254
2025-03-21,TCS,Test,71,1,HOLD,0.4213,EXTERNAL,0.324976,0.675186,1.000161,32.49,67.51,Reported_EPS,0.190351,VIX_Level,0.134163
2025-03-24,INFY,Test,67,0,BUY,0.4828,EXTERNAL,0.086784,0.927323,1.014107,8.56,91.44,Days_Since_Earnings,0.029622,Close_to_SMA200,0.148657
2025-03-24,RELIANCE,Test,67,0,HOLD,0.5774,EXTERNAL,0.130614,0.970151,1.100764,11.87,88.13,Days_Since_Earnings,0.083608,VIX_Level,0.249702
2025-03-24,TCS,Test,74,0,HOLD,0.4821,EXTERNAL,0.297509,0.610768,0.908278,32.76,67.24,Reported_EPS,0.176854,VIX_Level,0.117047
2025-03-25,INFY,Test,68,0,BUY,0.407,EXTERNAL,0.110953,0.681394,0.792347,14.0,86.0,Days_Since_Earnings,0.036902,RSI_14,0.13549
2025-03-25,RELIANCE,Test,68,0,HOLD,0.4605,EXTERNAL,0.121063,0.634534,0.755598,16.02,83.98,Days_Since_Earnings,0.077075,VIX_Level,0.202115
2025-03-25,TCS,Test,75,0,HOLD,0.5138,EXTERNAL,0.306986,0.605986,0.912973,33.62,66.38,Reported_EPS,0.179406,VIX_Level,0.17567
2025-03-26,INFY,Test,69,0,BUY,0.4459,EXTERNAL,0.106365,0.77145,0.877815,12.12,87.88,Days_Since_Earnings,0.037934,RSI_14,0.130128
2025-03-26,RELIANCE,Test,69,1,HOLD,0.4056,EXTERNAL,0.124835,0.601579,0.726414,17.19,82.81,Days_Since_Earnings,0.078717,VIX_Level,0.21343
2025-03-26,TCS,Test,76,0,HOLD,0.5713,EXTERNAL,0.370112,0.584437,0.954548,38.77,61.23,Reported_EPS,0.219576,VIX_Level,0.120809
2025-03-27,INFY,Test,70,0,BUY,0.4242,EXTERNAL,0.115936,0.762907,0.878843,13.19,86.81,Days_Since_Earnings,0.037761,RSI_14,0.119618
2025-03-27,RELIANCE,Test,70,0,HOLD,0.4358,EXTERNAL,0.140241,0.656805,0.797047,17.6,82.4,Days_Since_Earnings,0.088425,VIX_Level,0.241051
2025-03-27,TCS,Test,77,0,HOLD,0.5622,EXTERNAL,0.353055,0.554487,0.907543,38.9,61.1,Reported_EPS,0.212569,VIX_Level,0.163459
2025-03-28,INFY,Test,71,0,BUY,0.5104,EXTERNAL,0.109823,0.908693,1.018515,10.78,89.22,Days_Since_Earnings,0.037165,Close_to_SMA200,0.316561
2025-03-28,RELIANCE,Test,71,0,BUY,0.3531,EXTERNAL,0.109239,0.707401,0.81664,13.38,86.62,EPS_Surprise,-0.031627,Normalized_ATR,-0.092766
2025-03-28,TCS,Test,78,0,HOLD,0.4636,EXTERNAL,0.310454,0.549675,0.860129,36.09,63.91,Reported_EPS,0.191044,VIX_Level,0.147045
2025-04-01,INFY,Test,75,0,BUY,0.5112,EXTERNAL,0.105701,0.92777,1.033471,10.23,89.77,Days_Since_Earnings,0.043559,Close_to_SMA200,0.352189
2025-04-01,RELIANCE,Test,75,0,BUY,0.3835,EXTERNAL,0.10871,0.678174,0.786885,13.82,86.18,EPS_Surprise,-0.031614,Normalized_ATR,-0.095969
2025-04-01,TCS,Test,82,0,HOLD,0.3963,EXTERNAL,0.334796,0.633891,0.968687,34.56,65.44,Reported_EPS,0.185519,VIX_Level,0.178233
2025-04-02,INFY,Test,76,0,BUY,0.4817,EXTERNAL,0.107759,0.964978,1.072737,10.05,89.95,Days_Since_Earnings,0.037944,Close_to_SMA200,0.346468
2025-04-02,RELIANCE,Test,76,0,HOLD,0.3638,EXTERNAL,0.125369,0.753822,0.879192,14.26,85.74,Days_Since_Earnings,0.058146,VIX_Level,0.244368
2025-04-02,TCS,Test,83,0,BUY,0.4351,EXTERNAL,0.175845,0.908333,1.084178,16.22,83.78,Reported_EPS,-0.074444,Close_to_SMA200,0.274157
2025-04-03,INFY,Test,77,0,BUY,0.5487,EXTERNAL,0.090937,1.013281,1.104218,8.24,91.76,Days_Since_Earnings,0.031715,Close_to_SMA200,0.448408
2025-04-03,RELIANCE,Test,77,0,BUY,0.3446,EXTERNAL,0.111162,0.698837,0.809998,13.72,86.28,EPS_Surprise,-0.030855,Normalized_ATR,-0.088968
2025-04-03,TCS,Test,84,0,BUY,0.458,EXTERNAL,0.117926,0.945703,1.063629,11.09,88.91,Reported_EPS,-0.051391,Close_to_SMA200,0.313024
2025-04-04,INFY,Test,78,1,BUY,0.5705,EXTERNAL,0.081006,1.131374,1.21238,6.68,93.32,Days_Since_Earnings,0.038874,Close_to_SMA200,0.432811
2025-04-04,RELIANCE,Test,78,2,BUY,0.4069,EXTERNAL,0.104802,0.887311,0.992113,10.56,89.44,EPS_Estimate,-0.034001,Normalized_MACD_Hist,-0.11107
2025-04-04,TCS,Test,85,1,BUY,0.5179,EXTERNAL,0.05357,1.220793,1.274364,4.2,95.8,Reported_EPS,-0.025457,Close_to_SMA200,0.375245
2025-04-07,INFY,Test,81,1,BUY,0.524,EXTERNAL,0.091816,1.019431,1.111247,8.26,91.74,Days_Since_Earnings,0.050194,Close_to_SMA200,0.240456
2025-04-07,RELIANCE,Test,81,2,BUY,0.5974,EXTERNAL,0.086729,1.064039,1.150768,7.54,92.46,Days_Since_Earnings,0.022344,Close_to_SMA200,0.301669
2025-04-07,TCS,Test,88,1,BUY,0.5267,EXTERNAL,0.112675,1.164058,1.276733,8.83,91.17,Days_Since_Earnings,0.049297,Close_to_SMA200,0.288555
2025-04-08,INFY,Test,82,1,BUY,0.5494,EXTERNAL,0.081261,1.259427,1.340688,6.06,93.94,Days_Since_Earnings,0.046592,Close_to_SMA200,0.358226
2025-04-08,RELIANCE,Test,82,2,BUY,0.5138,EXTERNAL,0.11056,0.92135,1.03191,10.71,89.29,Days_Since_Earnings,0.031486,Normalized_MACD_Hist,-0.146455
2025-04-08,TCS,Test,89,1,BUY,0.5795,EXTERNAL,0.107465,1.244046,1.351511,7.95,92.05,Days_Since_Earnings,0.044029,Close_to_SMA200,0.357048
2025-04-09,INFY,Test,83,2,BUY,0.5526,EXTERNAL,0.092804,1.223282,1.316086,7.05,92.95,Days_Since_Earnings,0.053215,Close_to_SMA200,0.356741
2025-04-09,RELIANCE,Test,83,2,BUY,0.4212,EXTERNAL,0.09678,0.811414,0.908194,10.66,89.34,Days_Since_Earnings,0.025546,Close_to_SMA200,0.142022
2025-04-09,TCS,Test,90,2,BUY,0.5934,EXTERNAL,0.103386,1.21121,1.314596,7.86,92.14,Days_Since_Earnings,0.048657,Close_to_SMA200,0.392104
2025-04-11,INFY,Test,85,1,BUY,0.5735,EXTERNAL,0.087129,1.310759,1.397888,6.23,93.77,Days_Since_Earnings,0.045911,Close_to_SMA200,0.384135
2025-04-11,RELIANCE,Test,85,2,SELL,0.3619,EXTERNAL,0.236455,0.512705,0.749159,31.56,68.44,Days_Since_Earnings,-0.207289,VIX_Change_5d,0.134746
2025-04-11,TCS,Test,1,2,BUY,0.4449,EXTERNAL,0.066821,1.216713,1.283533,5.21,94.79,Reported_EPS,-0.030818,Close_to_SMA200,0.268395
2025-04-15,INFY,Test,89,2,BUY,0.6161,EXTERNAL,0.088514,1.295608,1.384122,6.39,93.61,Days_Since_Earnings,0.048017,Close_to_SMA200,0.389716
2025-04-15,RELIANCE,Test,89,2,SELL,0.3903,EXTERNAL,0.098035,0.403712,0.501748,19.54,80.46,Days_Since_Earnings,0.061349,Return_21d,-0.093199
2025-04-15,TCS,Test,5,2,BUY,0.6383,EXTERNAL,0.063801,1.363238,1.427039,4.47,95.53,Reported_EPS,-0.020266,Close_to_SMA200,0.403831
2025-04-16,INFY,Test,90,2,BUY,0.7942,EXTERNAL,0.094005,1.811652,1.905656,4.93,95.07,Days_Since_Earnings,0.036696,VIX_Change_5d,0.615201
2025-04-16,RELIANCE,Test,90,2,BUY,0.3893,EXTERNAL,0.119421,1.098417,1.217837,9.81,90.19,EPS_Surprise,-0.03615,VIX_Change_5d,0.527815
2025-04-16,TCS,Test,6,2,BUY,0.7682,EXTERNAL,0.074423,1.811245,1.885668,3.95,96.05,Reported_EPS,-0.029394,VIX_Change_5d,0.589571
2025-04-17,INFY,Test,0,2,BUY,0.7437,EXTERNAL,0.038178,1.575937,1.614116,2.37,97.63,Days_Since_Earnings,0.011037,Close_to_SMA200,0.471372
2025-04-17,RELIANCE,Test,91,2,BUY,0.3408,EXTERNAL,0.121496,0.804094,0.92559,13.13,86.87,EPS_Surprise,-0.033775,Return_5d,-0.234764
2025-04-17,TCS,Test,7,2,BUY,0.6553,EXTERNAL,0.092021,1.458557,1.550579,5.93,94.07,Reported_EPS,-0.061322,Close_to_SMA200,0.472487
2025-04-21,INFY,Test,4,2,BUY,0.6088,EXTERNAL,0.071119,1.33257,1.403688,5.07,94.93,EPS_Surprise_Pct,-0.022391,Close_to_SMA200,0.409236
2025-04-21,RELIANCE,Test,95,2,SELL,0.3758,EXTERNAL,0.211256,0.820892,1.032148,20.47,79.53,Days_Since_Earnings,0.185281,NIFTY_Return_5d,-0.201944
2025-04-21,TCS,Test,11,2,BUY,0.6649,EXTERNAL,0.098912,1.415982,1.514893,6.53,93.47,Reported_EPS,-0.063755,Close_to_SMA200,0.464862
2025-04-22,INFY,Test,5,2,BUY,0.6236,EXTERNAL,0.054876,1.227409,1.282285,4.28,95.72,EPS_Surprise_Pct,-0.019013,Close_to_SMA200,0.356965
2025-04-22,RELIANCE,Test,96,2,SELL,0.3692,EXTERNAL,0.279327,0.727943,1.00727,27.73,72.27,Days_Since_Earnings,0.242072,NIFTY_Return_5d,-0.209667
2025-04-22,TCS,Test,12,2,BUY,0.595,EXTERNAL,0.129012,1.279397,1.408409,9.16,90.84,Reported_EPS,-0.076493,Close_to_SMA200,0.428123
2025-04-23,INFY,Test,6,1,BUY,0.3552,EXTERNAL,0.097963,0.829557,0.927521,10.56,89.44,EPS_Surprise_Pct,-0.031092,Close_to_SMA200,0.277989
2025-04-23,RELIANCE,Test,97,2,SELL,0.4982,EXTERNAL,0.296975,0.724178,1.021154,29.08,70.92,Days_Since_Earnings,0.265129,NIFTY_Return_5d,-0.238429
2025-04-23,TCS,Test,13,1,HOLD,0.4751,EXTERNAL,0.300423,0.649952,0.950375,31.61,68.39,Reported_EPS,0.250024,Open_Close_Spread_Pct,0.123519
2025-04-24,INFY,Test,7,2,HOLD,0.404,EXTERNAL,0.070286,0.642188,0.712474,9.87,90.13,EPS_Surprise_Pct,0.02321,Volume_to_MA20,0.078186
2025-04-24,RELIANCE,Test,98,2,SELL,0.6298,EXTERNAL,0.363619,0.610093,0.973712,37.34,62.66,Days_Since_Earnings,0.315728,Return_21d,-0.097633
2025-04-24,TCS,Test,14,1,HOLD,0.4801,EXTERNAL,0.296269,0.602408,0.898678,32.97,67.03,Reported_EPS,0.216068,Volume_to_MA20,0.102562
2025-04-25,INFY,Test,8,1,SELL,0.3648,EXTERNAL,0.084751,1.074431,1.159182,7.31,92.69,EPS_Estimate,0.022181,Close_to_SMA200,-0.283018
2025-04-25,RELIANCE,Test,0,2,BUY,0.4618,EXTERNAL,0.560172,0.603168,1.163341,48.15,51.85,EPS_Surprise,0.442236,Normalized_MACD_Hist,-0.125771
2025-04-25,TCS,Test,15,1,HOLD,0.4015,EXTERNAL,0.272207,0.474925,0.747132,36.43,63.57,Reported_EPS,0.200858,VIX_Level,-0.091429
2025-04-28,INFY,Test,11,1,HOLD,0.4101,EXTERNAL,0.092003,0.69296,0.784963,11.72,88.28,EPS_Surprise,-0.036192,Volume_to_MA20,0.176713
2025-04-28,RELIANCE,Test,3,2,BUY,0.3831,EXTERNAL,0.467101,0.784499,1.2516,37.32,62.68,EPS_Surprise,0.360294,Volume_Change,0.136774
2025-04-28,TCS,Test,18,1,HOLD,0.506,EXTERNAL,0.354449,0.624327,0.978776,36.21,63.79,Reported_EPS,0.258019,Volume_to_MA20,0.21461
2025-04-29,INFY,Test,12,1,SELL,0.3603,EXTERNAL,0.230078,1.10127,1.331348,17.28,82.72,Days_Since_Earnings,-0.1352,Close_to_SMA200,-0.220376
2025-04-29,RELIANCE,Test,4,1,SELL,0.4241,EXTERNAL,0.176666,0.621939,0.798605,22.12,77.88,Days_Since_Earnings,0.074672,Normalized_MACD_Hist,0.121703
2025-04-29,TCS,Test,19,1,HOLD,0.4643,EXTERNAL,0.340824,0.571653,0.912477,37.35,62.65,Reported_EPS,0.250408,Volume_to_MA20,0.225408
2025-04-30,INFY,Test,13,1,SELL,0.3416,EXTERNAL,0.177566,1.057517,1.235083,14.38,85.62,Days_Since_Earnings,-0.104471,Close_to_SMA200,-0.220631
2025-04-30,RELIANCE,Test,5,1,SELL,0.4629,EXTERNAL,0.221512,0.660891,0.882403,25.1,74.9,Days_Since_Earnings,0.116239,Normalized_MACD_Hist,0.119987
2025-04-30,TCS,Test,20,1,HOLD,0.3668,EXTERNAL,0.263957,0.437188,0.701145,37.65,62.35,Reported_EPS,0.200702,VIX_Level,-0.095767
2025-05-02,INFY,Test,15,1,SELL,0.3526,EXTERNAL,0.210419,1.114412,1.324832,15.88,84.12,Days_Since_Earnings,-0.147497,Close_to_SMA200,-0.211464
2025-05-02,RELIANCE,Test,7,0,SELL,0.4034,EXTERNAL,0.23241,0.684472,0.916882,25.35,74.65,Days_Since_Earnings,0.116777,Normalized_MACD_Hist,0.113909
2025-05-02,TCS,Test,22,1,HOLD,0.4521,EXTERNAL,0.361634,0.704986,1.06662,33.9,66.1,Reported_EPS,0.261097,Volume_to_MA20,0.277689
2025-05-05,INFY,Test,18,2,HOLD,0.4387,EXTERNAL,0.143584,0.646432,0.790016,18.17,81.83,Days_Since_Earnings,0.049748,Volume_to_MA20,0.162835
2025-05-05,RELIANCE,Test,10,1,SELL,0.4567,EXTERNAL,0.207007,0.607602,0.814609,25.41,74.59,Days_Since_Earnings,0.10456,Normalized_MACD_Hist,0.091651
2025-05-05,TCS,Test,25,2,HOLD,0.4701,EXTERNAL,0.331584,0.66259,0.994174,33.35,66.65,Reported_EPS,0.224441,Volume_to_MA20,0.263279
2025-05-06,INFY,Test,19,2,HOLD,0.4469,EXTERNAL,0.136528,0.595029,0.731557,18.66,81.34,Days_Since_Earnings,0.042085,Volume_to_MA20,0.160392
2025-05-06,RELIANCE,Test,11,1,SELL,0.5144,EXTERNAL,0.195637,0.585912,0.781549,25.03,74.97,EPS_Surprise,-0.059424,Normalized_MACD_Hist,0.095691
2025-05-06,TCS,Test,26,1,HOLD,0.5486,EXTERNAL,0.391582,0.640385,1.031967,37.95,62.05,Reported_EPS,0.270052,Volume_to_MA20,0.257815
2025-05-07,INFY,Test,20,2,HOLD,0.3928,EXTERNAL,0.124399,0.593974,0.718373,17.32,82.68,Days_Since_Earnings,0.043828,Volume_to_MA20,0.183398
2025-05-07,RELIANCE,Test,12,1,SELL,0.4457,EXTERNAL,0.151895,0.605369,0.757264,20.06,79.94,EPS_Surprise,-0.061072,RSI_14,0.083196
2025-05-07,TCS,Test,27,2,HOLD,0.5258,EXTERNAL,0.36761,0.639419,1.007029,36.5,63.5,Reported_EPS,0.259658,Volume_to_MA20,0.274988
2025-05-08,INFY,Test,21,2,BUY,0.3765,EXTERNAL,0.094548,0.926909,1.021457,9.26,90.74,Reported_EPS,0.021789,Close_to_SMA200,0.274239
2025-05-08,RELIANCE,Test,13,2,SELL,0.4917,EXTERNAL,0.163148,0.562027,0.725175,22.5,77.5,EPS_Surprise,-0.062108,RSI_14,0.083107
2025-05-08,TCS,Test,28,2,BUY,0.4295,EXTERNAL,0.246636,1.178628,1.425263,17.3,82.7,Reported_EPS,-0.124762,Close_to_SMA200,0.27176
2025-05-09,INFY,Test,22,2,HOLD,0.4047,EXTERNAL,0.124012,0.580093,0.704105,17.61,82.39,Days_Since_Earnings,0.046179,Volume_to_MA20,0.177377
2025-05-09,RELIANCE,Test,14,2,SELL,0.4715,EXTERNAL,0.215122,0.59228,0.807403,26.64,73.36,Days_Since_Earnings,-0.06029,RSI_14,0.096146
2025-05-09,TCS,Test,29,2,BUY,0.4469,EXTERNAL,0.2574,1.012885,1.270286,20.26,79.74,Reported_EPS,-0.137859,Close_to_SMA200,0.257629
2025-05-12,INFY,Test,25,0,HOLD,0.4074,EXTERNAL,0.133525,0.745213,0.878738,15.2,84.8,EPS_Surprise,-0.05068,Bollinger_PctB,0.115896
2025-05-12,RELIANCE,Test,17,1,BUY,0.3626,EXTERNAL,0.515227,0.539721,1.054948,48.84,51.16,EPS_Surprise,0.386071,Normalized_MACD,-0.090475
2025-05-12,TCS,Test,32,0,HOLD,0.5438,EXTERNAL,0.282547,0.869231,1.151778,24.53,75.47,Reported_EPS,0.204706,Bollinger_PctB,0.241567
2025-05-13,INFY,Test,26,1,HOLD,0.3765,EXTERNAL,0.147599,0.681626,0.829225,17.8,82.2,Days_Since_Earnings,0.058539,Daily_Return,0.1303
2025-05-13,RELIANCE,Test,18,1,BUY,0.3741,EXTERNAL,0.550871,0.593201,1.144072,48.15,51.85,EPS_Surprise,0.409749,Normalized_MACD,-0.135645
2025-05-13,TCS,Test,33,1,BUY,0.3574,EXTERNAL,0.23873,0.986633,1.225363,19.48,80.52,Reported_EPS,-0.124068,Close_to_SMA200,0.258196
2025-05-14,INFY,Test,27,1,HOLD,0.4726,EXTERNAL,0.136583,0.766491,0.903074,15.12,84.88,Days_Since_Earnings,0.06561,Volume_to_MA20,0.21528
2025-05-14,RELIANCE,Test,19,1,SELL,0.347,EXTERNAL,0.247915,0.485839,0.733755,33.79,66.21,EPS_Surprise,-0.069158,SMA20_to_SMA50,0.097543
2025-05-14,TCS,Test,34,1,HOLD,0.4202,EXTERNAL,0.283167,0.559098,0.842265,33.62,66.38,Reported_EPS,0.193821,VIX_Level,-0.139497
2025-05-15,INFY,Test,28,0,HOLD,0.3794,EXTERNAL,0.158912,0.605481,0.764393,20.79,79.21,Days_Since_Earnings,0.061688,VIX_Level,-0.121181
2025-05-15,RELIANCE,Test,20,0,BUY,0.4162,EXTERNAL,0.462181,0.788414,1.250595,36.96,63.04,EPS_Surprise,0.345465,Volume_Change,0.144128
2025-05-15,TCS,Test,35,0,HOLD,0.4713,EXTERNAL,0.332159,0.613943,0.946102,35.11,64.89,Reported_EPS,0.239242,VIX_Level,-0.129473
2025-05-16,INFY,Test,29,1,HOLD,0.4166,EXTERNAL,0.179922,0.616336,0.796258,22.6,77.4,Days_Since_Earnings,0.067715,Volume_to_MA20,0.206497
2025-05-16,RELIANCE,Test,21,0,SELL,0.4494,EXTERNAL,0.171232,0.620073,0.791306,21.64,78.36,Days_Since_Earnings,-0.056146,SMA20_to_SMA50,0.082876
2025-05-16,TCS,Test,36,1,HOLD,0.4623,EXTERNAL,0.303732,0.444542,0.748274,40.59,59.41,Reported_EPS,0.203519,VIX_Level,-0.097249
2025-05-19,INFY,Test,32,1,SELL,0.3979,EXTERNAL,0.150558,0.649167,0.799725,18.83,81.17,Days_Since_Earnings,0.061438,Close_to_SMA200,-0.142801
2025-05-19,RELIANCE,Test,24,1,SELL,0.352,EXTERNAL,0.24237,0.464616,0.706985,34.28,65.72,EPS_Surprise,-0.072084,RSI_14,0.076893
2025-05-19,TCS,Test,39,1,BUY,0.3763,EXTERNAL,0.211326,0.687087,0.898413,23.52,76.48,Reported_EPS,-0.108052,Close_to_SMA200,0.093932
2025-05-20,INFY,Test,33,1,SELL,0.4112,EXTERNAL,0.150892,0.659677,0.810568,18.62,81.38,Days_Since_Earnings,0.065032,Close_to_SMA200,-0.136714
2025-05-20,RELIANCE,Test,25,1,BUY,0.4462,INTERNAL,0.676251,0.513253,1.189505,56.85,43.15,EPS_Surprise,0.52082,SMA20_to_SMA50,-0.105428
2025-05-20,TCS,Test,40,1,BUY,0.4834,EXTERNAL,0.212615,0.837923,1.050538,20.24,79.76,Reported_EPS,-0.118418,Close_to_SMA200,0.2575
2025-05-21,INFY,Test,34,1,SELL,0.3606,EXTERNAL,0.168387,0.493562,0.661949,25.44,74.56,Days_Since_Earnings,0.074779,SMA20_to_SMA50,-0.079024
2025-05-21,RELIANCE,Test,26,1,BUY,0.4316,INTERNAL,0.733494,0.523842,1.257336,58.34,41.66,EPS_Surprise,0.568234,SMA20_to_SMA50,-0.09264
2025-05-21,TCS,Test,41,1,HOLD,0.4037,EXTERNAL,0.280269,0.698865,0.979134,28.62,71.38,Reported_EPS,0.194164,Volume_to_MA20,0.189664
2025-05-22,INFY,Test,35,2,BUY,0.3833,EXTERNAL,0.110428,0.741748,0.852176,12.96,87.04,Days_Since_Earnings,-0.040915,Close_to_SMA200,0.136619
2025-05-22,RELIANCE,Test,27,1,BUY,0.4275,INTERNAL,0.702111,0.501901,1.204012,58.31,41.69,EPS_Surprise,0.535614,SMA20_to_SMA50,-0.119136
2025-05-22,TCS,Test,42,1,BUY,0.468,EXTERNAL,0.214862,0.836405,1.051267,20.44,79.56,Reported_EPS,-0.111192,Close_to_SMA200,0.257367
2025-05-23,INFY,Test,36,1,BUY,0.3965,EXTERNAL,0.110285,0.698052,0.808337,13.64,86.36,Days_Since_Earnings,-0.039123,Normalized_MACD_Hist,0.09461
2025-05-23,RELIANCE,Test,28,1,BUY,0.4046,INTERNAL,0.727933,0.474923,1.202856,60.52,39.48,EPS_Surprise,0.546885,SMA20_to_SMA50,-0.085946
2025-05-23,TCS,Test,43,1,HOLD,0.3749,EXTERNAL,0.297388,0.655175,0.952563,31.22,68.78,Reported_EPS,0.199307,Volume_to_MA20,0.208565
2025-05-26,INFY,Test,39,1,SELL,0.3631,EXTERNAL,0.16708,0.472025,0.639105,26.14,73.86,Days_Since_Earnings,0.082002,Return_21d,-0.087994
2025-05-26,RELIANCE,Test,31,1,BUY,0.3958,INTERNAL,0.752783,0.514211,1.266993,59.41,40.59,EPS_Surprise,0.575894,SMA20_to_SMA50,-0.079587
2025-05-26,TCS,Test,46,0,HOLD,0.4459,EXTERNAL,0.372881,0.738688,1.111568,33.55,66.45,Reported_EPS,0.265109,Volume_to_MA20,0.277634
2025-05-27,INFY,Test,40,1,BUY,0.4617,EXTERNAL,0.123481,0.699574,0.823055,15.0,85.0,Days_Since_Earnings,-0.046639,Volume_Change,0.174088
2025-05-27,RELIANCE,Test,32,1,BUY,0.4897,INTERNAL,0.7045,0.639311,1.343812,52.43,47.57,EPS_Surprise,0.538002,Volume_Change,0.156029
2025-05-27,TCS,Test,47,0,BUY,0.4587,EXTERNAL,0.204295,0.893326,1.097621,18.61,81.39,Reported_EPS,-0.104136,Volume_Change,0.174592
2025-05-28,INFY,Test,41,1,SELL,0.3707,EXTERNAL,0.180257,0.37403,0.554287,32.52,67.48,Days_Since_Earnings,0.07063,Return_21d,-0.073446
2025-05-28,RELIANCE,Test,33,1,BUY,0.4294,INTERNAL,0.743598,0.492019,1.235617,60.18,39.82,EPS_Surprise,0.565763,SMA20_to_SMA50,-0.079585
2025-05-28,TCS,Test,48,0,HOLD,0.3877,EXTERNAL,0.299004,0.716196,1.0152,29.45,70.55,Reported_EPS,0.207335,Volume_to_MA20,0.21582
2025-05-29,INFY,Test,42,1,BUY,0.4133,EXTERNAL,0.135954,0.674602,0.810555,16.77,83.23,Days_Since_Earnings,-0.051807,Volume_Change,0.162512
2025-05-29,RELIANCE,Test,34,1,BUY,0.4644,EXTERNAL,0.673049,0.680257,1.353306,49.73,50.27,EPS_Surprise,0.519122,Volume_Change,0.141035
2025-05-29,TCS,Test,49,0,SELL,0.3668,EXTERNAL,0.172482,0.64741,0.819893,21.04,78.96,EPS_Surprise_Pct,-0.054298,Normalized_ATR,0.202747
2025-05-30,INFY,Test,43,1,BUY,0.3794,EXTERNAL,0.129271,0.572661,0.701931,18.42,81.58,Days_Since_Earnings,-0.045851,Close_to_SMA200,0.072633
2025-05-30,RELIANCE,Test,35,1,BUY,0.4276,INTERNAL,0.71331,0.499434,1.212744,58.82,41.18,EPS_Surprise,0.548429,SMA20_to_SMA50,-0.083134
2025-05-30,TCS,Test,50,0,BUY,0.3842,EXTERNAL,0.24449,0.90156,1.146049,21.33,78.67,Reported_EPS,-0.147221,Close_to_SMA200,0.340819
2025-06-02,INFY,Test,46,1,BUY,0.3876,EXTERNAL,0.124696,0.600639,0.725334,17.19,82.81,Days_Since_Earnings,-0.047021,Close_to_SMA200,0.104286
2025-06-02,RELIANCE,Test,38,2,BUY,0.4255,INTERNAL,0.730951,0.435642,1.166592,62.66,37.34,EPS_Surprise,0.549192,Normalized_MACD_Hist,-0.081366
2025-06-02,TCS,Test,53,1,SELL,0.3582,EXTERNAL,0.169023,0.63074,0.799763,21.13,78.87,Days_Since_Earnings,0.05809,Normalized_ATR,0.189957
2025-06-03,INFY,Test,47,2,BUY,0.4295,EXTERNAL,0.123954,0.758249,0.882203,14.05,85.95,Days_Since_Earnings,-0.046048,Close_to_SMA200,0.233513
2025-06-03,RELIANCE,Test,39,2,BUY,0.371,INTERNAL,0.679542,0.565842,1.245384,54.56,45.44,EPS_Surprise,0.518707,Normalized_MACD_Hist,-0.114965
2025-06-03,TCS,Test,54,1,BUY,0.3558,EXTERNAL,0.249245,0.98861,1.237856,20.14,79.86,Reported_EPS,-0.151319,Close_to_SMA200,0.424982
2025-06-04,INFY,Test,48,2,SELL,0.3628,EXTERNAL,0.163488,0.361819,0.525307,31.12,68.88,EPS_Estimate,0.049821,SMA20_to_SMA50,0.083172
2025-06-04,RELIANCE,Test,40,1,BUY,0.3666,INTERNAL,0.725739,0.502803,1.228542,59.07,40.93,EPS_Surprise,0.551784,SMA20_to_SMA50,-0.080543
2025-06-04,TCS,Test,55,2,HOLD,0.414,EXTERNAL,0.236132,0.76129,0.997422,23.67,76.33,Reported_EPS,0.159233,Normalized_MACD_Hist,0.123877
2025-06-05,INFY,Test,49,2,SELL,0.3876,EXTERNAL,0.175956,0.346585,0.522541,33.67,66.33,Days_Since_Earnings,0.055595,SMA20_to_SMA50,0.078312
2025-06-05,RELIANCE,Test,41,1,SELL,0.3903,EXTERNAL,0.227621,0.653388,0.88101,25.84,74.16,EPS_Surprise,-0.069488,Normalized_ATR,0.177122
2025-06-05,TCS,Test,56,1,HOLD,0.4527,EXTERNAL,0.19299,0.678268,0.871258,22.15,77.85,Reported_EPS,0.129762,Normalized_MACD_Hist,0.115033
2025-06-06,INFY,Test,50,2,SELL,0.3537,EXTERNAL,0.174447,0.434684,0.609131,28.64,71.36,EPS_Estimate,0.054317,SMA20_to_SMA50,0.089185
2025-06-06,RELIANCE,Test,42,1,BUY,0.4155,INTERNAL,0.74772,0.52211,1.26983,58.88,41.12,EPS_Surprise,0.590868,SMA20_to_SMA50,-0.081677
2025-06-06,TCS,Test,57,1,HOLD,0.5345,EXTERNAL,0.232452,0.846125,1.078577,21.55,78.45,Reported_EPS,0.159083,VIX_Level,0.23105
2025-06-09,INFY,Test,53,2,SELL,0.4,EXTERNAL,0.183923,0.441914,0.625837,29.39,70.61,Days_Since_Earnings,0.060163,SMA20_to_SMA50,0.114399
2025-06-09,RELIANCE,Test,45,1,BUY,0.4322,INTERNAL,0.728132,0.506083,1.234215,59.0,41.0,EPS_Surprise,0.582083,SMA20_to_SMA50,-0.077489
2025-06-09,TCS,Test,60,2,HOLD,0.4619,EXTERNAL,0.286692,0.702566,0.989258,28.98,71.02,Reported_EPS,0.226752,VIX_Level,0.186777
2025-06-10,INFY,Test,54,2,SELL,0.4183,EXTERNAL,0.1644,0.664301,0.828702,19.84,80.16,Days_Since_Earnings,0.046996,Volume_Change,-0.118286
2025-06-10,RELIANCE,Test,46,1,BUY,0.4863,INTERNAL,0.711691,0.504533,1.216224,58.52,41.48,EPS_Surprise,0.566574,Rolling_Volatility_20d,0.112165
2025-06-10,TCS,Test,61,1,SELL,0.4069,EXTERNAL,0.136394,0.61327,0.749664,18.19,81.81,EPS_Surprise_Pct,-0.046176,Normalized_ATR,0.173215
2025-06-11,INFY,Test,55,1,HOLD,0.4642,EXTERNAL,0.141354,0.947826,1.08918,12.98,87.02,EPS_Surprise,-0.07449,Bollinger_PctB,0.237934
2025-06-11,RELIANCE,Test,47,1,BUY,0.4497,INTERNAL,0.712568,0.586494,1.299063,54.85,45.15,EPS_Surprise,0.586162,SMA20_to_SMA50,-0.09962
2025-06-11,TCS,Test,62,1,HOLD,0.3969,EXTERNAL,0.305371,0.717167,1.022538,29.86,70.14,Reported_EPS,0.230365,VIX_Level,0.155934
2025-06-12,INFY,Test,56,1,SELL,0.3549,EXTERNAL,0.16036,0.701031,0.861391,18.62,81.38,Days_Since_Earnings,0.042115,Bollinger_PctB,-0.177422
2025-06-12,RELIANCE,Test,48,1,BUY,0.4747,INTERNAL,0.70655,0.555003,1.261553,56.01,43.99,EPS_Surprise,0.581711,Rolling_Volatility_20d,0.098569
2025-06-12,TCS,Test,63,1,BUY,0.3857,EXTERNAL,0.203017,1.021871,1.224889,16.57,83.43,Reported_EPS,-0.112146,Close_to_SMA200,0.309096
2025-06-13,INFY,Test,57,1,SELL,0.4095,EXTERNAL,0.182011,0.500076,0.682088,26.68,73.32,Days_Since_Earnings,0.054209,SMA20_to_SMA50,0.101002
2025-06-13,RELIANCE,Test,49,2,BUY,0.4903,INTERNAL,0.670136,0.630667,1.300803,51.52,48.48,EPS_Surprise,0.540666,Rolling_Volatility_20d,0.15195
2025-06-13,TCS,Test,64,1,SELL,0.3559,EXTERNAL,0.081041,0.661527,0.742568,10.91,89.09,EPS_Surprise_Pct,-0.030441,Normalized_ATR,0.171639
2025-06-16,INFY,Test,60,0,HOLD,0.43,EXTERNAL,0.155104,0.698598,0.853703,18.17,81.83,EPS_Surprise,-0.079628,VIX_Level,0.200563
2025-06-16,RELIANCE,Test,52,1,BUY,0.5158,INTERNAL,0.677251,0.636897,1.314148,51.54,48.46,EPS_Surprise,0.551864,Rolling_Volatility_20d,0.149664
2025-06-16,TCS,Test,67,0,HOLD,0.4056,EXTERNAL,0.3303,0.710797,1.041098,31.73,68.27,Reported_EPS,0.19862,VIX_Level,0.135425
2025-06-17,INFY,Test,61,0,HOLD,0.4245,EXTERNAL,0.14792,0.826071,0.973991,15.19,84.81,EPS_Surprise,-0.071162,Bollinger_PctB,0.223976
2025-06-17,RELIANCE,Test,53,1,BUY,0.5002,EXTERNAL,0.681039,0.696719,1.377758,49.43,50.57,EPS_Surprise,0.553333,Rolling_Volatility_20d,0.192731
2025-06-17,TCS,Test,68,0,HOLD,0.4419,EXTERNAL,0.302382,0.786156,1.088538,27.78,72.22,Reported_EPS,0.176318,VIX_Level,0.202927
2025-06-18,INFY,Test,62,1,HOLD,0.3536,EXTERNAL,0.149033,0.571041,0.720074,20.7,79.3,EPS_Surprise,-0.069319,VIX_Level,0.219676
2025-06-18,RELIANCE,Test,54,2,BUY,0.5445,INTERNAL,0.685765,0.685717,1.371483,50.0,50.0,EPS_Surprise,0.551945,Rolling_Volatility_20d,0.185691
2025-06-18,TCS,Test,69,1,BUY,0.3888,EXTERNAL,0.208935,0.816558,1.025493,20.37,79.63,Reported_EPS,-0.106385,Close_to_SMA200,0.176416
2025-06-19,INFY,Test,63,1,SELL,0.4099,EXTERNAL,0.143938,0.50383,0.647768,22.22,77.78,EPS_Estimate,0.035757,SMA20_to_SMA50,0.09761
2025-06-19,RELIANCE,Test,55,2,BUY,0.6597,EXTERNAL,0.56525,1.18939,1.754641,32.21,67.79,EPS_Surprise,0.473235,Rolling_Volatility_20d,0.620397
2025-06-19,TCS,Test,70,1,BUY,0.4274,EXTERNAL,0.195527,0.901701,1.097229,17.82,82.18,Reported_EPS,-0.094269,Rolling_Volatility_20d,0.180909
2025-06-20,INFY,Test,64,1,SELL,0.3898,EXTERNAL,0.150583,0.541251,0.691834,21.77,78.23,EPS_Estimate,0.040522,Normalized_ATR,0.106477
2025-06-20,RELIANCE,Test,56,2,BUY,0.4728,EXTERNAL,0.576458,0.769767,1.346225,42.82,57.18,EPS_Surprise,0.494585,Rolling_Volatility_20d,0.10999
2025-06-20,TCS,Test,71,1,BUY,0.3667,EXTERNAL,0.202029,0.859051,1.06108,19.04,80.96,Reported_EPS,-0.091723,Close_to_SMA200,0.166151
2025-06-23,INFY,Test,67,1,SELL,0.4237,EXTERNAL,0.197274,0.436797,0.634071,31.11,68.89,Days_Since_Earnings,-0.05945,SMA20_to_SMA50,0.089188
2025-06-23,RELIANCE,Test,59,2,BUY,0.5398,INTERNAL,0.65355,0.647998,1.301549,50.21,49.79,EPS_Surprise,0.551067,Rolling_Volatility_20d,0.117744
2025-06-23,TCS,Test,74,2,BUY,0.4952,EXTERNAL,0.19393,1.174558,1.368488,14.17,85.83,Reported_EPS,-0.093472,Close_to_SMA200,0.36878
2025-06-24,INFY,Test,68,1,SELL,0.4222,EXTERNAL,0.170231,0.414141,0.584372,29.13,70.87,EPS_Estimate,0.050145,SMA20_to_SMA50,0.092195
2025-06-24,RELIANCE,Test,60,2,BUY,0.5635,EXTERNAL,0.613306,0.733768,1.347074,45.53,54.47,EPS_Surprise,0.517591,Volume_Change,0.132454
2025-06-24,TCS,Test,75,1,BUY,0.4844,EXTERNAL,0.199917,1.121045,1.320963,15.13,84.87,Reported_EPS,-0.089263,Close_to_SMA200,0.353922
2025-06-25,INFY,Test,69,1,SELL,0.4156,EXTERNAL,0.159912,0.496659,0.656571,24.36,75.64,EPS_Estimate,0.052576,SMA20_to_SMA50,0.097399
2025-06-25,RELIANCE,Test,61,2,BUY,0.4906,INTERNAL,0.68248,0.615889,1.298369,52.56,47.44,EPS_Surprise,0.564742,Rolling_Volatility_20d,0.107247
2025-06-25,TCS,Test,76,1,HOLD,0.4049,EXTERNAL,0.290899,0.616812,0.907711,32.05,67.95,Reported_EPS,0.186868,Volume_to_MA20,0.130091
2025-06-26,INFY,Test,70,1,SELL,0.4136,EXTERNAL,0.157525,0.58147,0.738995,21.32,78.68,EPS_Estimate,0.052604,SMA20_to_SMA50,0.102136
2025-06-26,RELIANCE,Test,62,1,BUY,0.4938,EXTERNAL,0.63494,0.722852,1.357792,46.76,53.24,EPS_Surprise,0.505743,Rolling_Volatility_20d,0.113437
2025-06-26,TCS,Test,77,1,HOLD,0.3851,EXTERNAL,0.253492,0.714354,0.967846,26.19,73.81,Reported_EPS,0.159374,VIX_Level,0.189388
2025-06-27,INFY,Test,71,2,SELL,0.4106,EXTERNAL,0.148867,0.49796,0.646827,23.01,76.99,EPS_Estimate,0.050442,Normalized_ATR,0.103323
2025-06-27,RELIANCE,Test,63,1,BUY,0.4515,INTERNAL,0.716295,0.547447,1.263742,56.68,43.32,EPS_Surprise,0.583772,VIX_Level,-0.08723
2025-06-27,TCS,Test,78,1,HOLD,0.4463,EXTERNAL,0.266752,0.625807,0.892559,29.89,70.11,Reported_EPS,0.167141,VIX_Level,0.159742
2025-06-30,INFY,Test,74,1,SELL,0.4041,EXTERNAL,0.143032,0.492223,0.635255,22.52,77.48,EPS_Estimate,0.053918,Normalized_ATR,0.10432
2025-06-30,RELIANCE,Test,66,2,BUY,0.527,INTERNAL,0.740069,0.459653,1.199721,61.69,38.31,EPS_Surprise,0.593525,Return_21d,0.057863
2025-06-30,TCS,Test,81,1,HOLD,0.5172,EXTERNAL,0.290719,0.675234,0.965953,30.1,69.9,Reported_EPS,0.219286,Volume_to_MA20,0.18109
2025-07-01,INFY,Test,75,1,SELL,0.4116,EXTERNAL,0.122645,0.614509,0.737154,16.64,83.36,EPS_Estimate,0.057159,Normalized_ATR,0.192305
2025-07-01,RELIANCE,Test,67,1,BUY,0.4355,INTERNAL,0.718177,0.653745,1.371922,52.35,47.65,EPS_Surprise,0.549787,Return_5d,-0.134451
2025-07-01,TCS,Test,82,1,BUY,0.4169,EXTERNAL,0.193471,0.768117,0.961588,20.12,79.88,Reported_EPS,-0.087374,Rolling_Volatility_20d,0.165978
2025-07-02,INFY,Test,76,1,BUY,0.4144,EXTERNAL,0.14871,0.720417,0.869126,17.11,82.89,Days_Since_Earnings,0.050419,Volume_Change,0.095939
2025-07-02,RELIANCE,Test,68,1,BUY,0.5165,INTERNAL,0.791181,0.528069,1.31925,59.97,40.03,EPS_Surprise,0.600863,VIX_Level,-0.092762
2025-07-02,TCS,Test,83,1,BUY,0.4365,EXTERNAL,0.201927,0.80066,1.002588,20.14,79.86,Reported_EPS,-0.084171,Rolling_Volatility_20d,0.147053
2025-07-03,INFY,Test,77,1,SELL,0.4048,EXTERNAL,0.140053,0.570734,0.710787,19.7,80.3,EPS_Estimate,0.048814,Normalized_ATR,0.19532
2025-07-03,RELIANCE,Test,69,1,BUY,0.5433,INTERNAL,0.788865,0.536239,1.325104,59.53,40.47,EPS_Surprise,0.601767,VIX_Level,-0.094277
2025-07-03,TCS,Test,84,1,BUY,0.4873,EXTERNAL,0.200313,0.885875,1.086188,18.44,81.56,Reported_EPS,-0.085895,Close_to_SMA200,0.181732
2025-07-04,INFY,Test,78,0,SELL,0.3761,EXTERNAL,0.10456,0.825912,0.930473,11.24,88.76,Days_Since_Earnings,-0.031512,Normalized_ATR,0.181709
2025-07-04,RELIANCE,Test,70,0,BUY,0.588,INTERNAL,0.829875,0.534062,1.363937,60.84,39.16,EPS_Surprise,0.620596,VIX_Level,-0.110129
2025-07-04,TCS,Test,85,0,HOLD,0.4511,EXTERNAL,0.415429,0.892273,1.307702,31.77,68.23,Reported_EPS,0.226103,VIX_Level,0.246034
2025-07-07,INFY,Test,81,0,SELL,0.4159,EXTERNAL,0.090029,0.598728,0.688758,13.07,86.93,EPS_Estimate,0.03575,Normalized_ATR,0.193187
2025-07-07,RELIANCE,Test,73,0,BUY,0.6398,INTERNAL,0.793585,0.506377,1.299961,61.05,38.95,EPS_Surprise,0.594901,Normalized_ATR,0.069472
2025-07-07,TCS,Test,88,0,BUY,0.5203,EXTERNAL,0.211184,0.833341,1.044525,20.22,79.78,Reported_EPS,-0.091369,Rolling_Volatility_20d,0.157864
2025-07-08,INFY,Test,82,0,SELL,0.432,EXTERNAL,0.089995,0.555437,0.645432,13.94,86.06,EPS_Estimate,0.031068,Normalized_ATR,0.196221
2025-07-08,RELIANCE,Test,74,0,BUY,0.5868,INTERNAL,0.801851,0.624036,1.425887,56.24,43.76,EPS_Surprise,0.589837,VIX_Level,-0.192859
2025-07-08,TCS,Test,89,0,BUY,0.5099,EXTERNAL,0.207819,0.895218,1.103037,18.84,81.16,Reported_EPS,-0.091308,Rolling_Volatility_20d,0.14445
2025-07-09,INFY,Test,83,1,SELL,0.4117,EXTERNAL,0.125458,0.515878,0.641336,19.56,80.44,EPS_Estimate,0.036029,Normalized_ATR,0.170996
2025-07-09,RELIANCE,Test,75,0,BUY,0.6344,INTERNAL,0.836304,0.54042,1.376724,60.75,39.25,EPS_Surprise,0.604739,VIX_Level,-0.147441
2025-07-09,TCS,Test,90,0,BUY,0.5548,EXTERNAL,0.205023,0.935648,1.140671,17.97,82.03,Reported_EPS,-0.086292,Close_to_SMA200,0.177203
2025-07-10,INFY,Test,84,1,SELL,0.441,EXTERNAL,0.140604,0.546413,0.687017,20.47,79.53,EPS_Estimate,0.049657,Normalized_ATR,0.199771
2025-07-10,RELIANCE,Test,76,0,BUY,0.6135,INTERNAL,0.826635,0.492871,1.319506,62.65,37.35,EPS_Surprise,0.60296,VIX_Level,-0.151852
2025-07-10,TCS,Test,0,0,BUY,0.5592,EXTERNAL,0.180638,0.90902,1.089658,16.58,83.42,Reported_EPS,-0.09328,Close_to_SMA200,0.203704
2025-07-11,INFY,Test,85,1,SELL,0.4174,EXTERNAL,0.153801,0.492124,0.645925,23.81,76.19,EPS_Estimate,0.048097,Normalized_ATR,0.124874
2025-07-11,RELIANCE,Test,77,1,BUY,0.6062,INTERNAL,0.833859,0.541948,1.375807,60.61,39.39,EPS_Surprise,0.598507,VIX_Level,-0.165263
2025-07-11,TCS,Test,1,0,HOLD,0.4101,EXTERNAL,0.260989,0.800169,1.061158,24.59,75.41,Reported_EPS,0.11127,VIX_Level,0.212951
2025-07-14,INFY,Test,88,1,SELL,0.4746,EXTERNAL,0.187656,0.423664,0.61132,30.7,69.3,Days_Since_Earnings,0.080727,Normalized_ATR,0.101636
2025-07-14,RELIANCE,Test,80,0,BUY,0.5243,INTERNAL,0.81684,0.540671,1.357511,60.17,39.83,EPS_Surprise,0.58877,VIX_Level,-0.188394
2025-07-14,TCS,Test,4,0,BUY,0.443,EXTERNAL,0.121357,1.390522,1.511879,8.03,91.97,Reported_EPS,-0.066968,Close_to_SMA200,0.420242
2025-07-15,INFY,Test,89,1,SELL,0.451,EXTERNAL,0.182103,0.315798,0.497901,36.57,63.43,Days_Since_Earnings,0.08644,Normalized_ATR,0.090308
2025-07-15,RELIANCE,Test,81,0,BUY,0.537,INTERNAL,0.759569,0.56294,1.322509,57.43,42.57,EPS_Surprise,0.561832,VIX_Level,-0.173793
2025-07-15,TCS,Test,5,0,HOLD,0.4679,EXTERNAL,0.319097,0.887004,1.206101,26.46,73.54,Reported_EPS,0.149222,VIX_Level,0.23808
2025-07-16,INFY,Test,90,0,SELL,0.4629,EXTERNAL,0.187839,0.362686,0.550525,34.12,65.88,Days_Since_Earnings,0.089809,Normalized_ATR,0.093494
2025-07-16,RELIANCE,Test,82,0,BUY,0.5364,INTERNAL,0.7056,0.652123,1.357723,51.97,48.03,EPS_Surprise,0.528976,VIX_Level,-0.170886
2025-07-16,TCS,Test,6,1,HOLD,0.4993,EXTERNAL,0.267828,0.916655,1.184483,22.61,77.39,Reported_EPS,0.140128,VIX_Level,0.277292
2025-07-17,INFY,Test,91,1,SELL,0.4496,EXTERNAL,0.159301,0.318666,0.477967,33.33,66.67,Days_Since_Earnings,0.083067,Normalized_ATR,0.091199
2025-07-17,RELIANCE,Test,83,0,BUY,0.5673,INTERNAL,0.718491,0.600379,1.31887,54.48,45.52,EPS_Surprise,0.533985,VIX_Level,-0.173342
2025-07-17,TCS,Test,7,1,HOLD,0.4428,EXTERNAL,0.257166,0.869308,1.126474,22.83,77.17,Reported_EPS,0.145715,VIX_Level,0.215679
2025-07-18,INFY,Test,92,0,SELL,0.4084,EXTERNAL,0.176006,0.409787,0.585793,30.05,69.95,Days_Since_Earnings,0.086257,Normalized_ATR,0.105854
2025-07-18,RELIANCE,Test,0,0,BUY,0.4831,EXTERNAL,0.624961,0.708087,1.333047,46.88,53.12,EPS_Surprise,0.47182,VIX_Level,-0.146036
2025-07-18,TCS,Test,8,1,BUY,0.4778,EXTERNAL,0.101461,1.345136,1.446598,7.01,92.99,Reported_EPS,-0.061785,Close_to_SMA200,0.388532
2025-07-21,INFY,Test,95,0,SELL,0.4242,EXTERNAL,0.317998,0.388793,0.706791,44.99,55.01,Days_Since_Earnings,0.233234,Normalized_ATR,0.103698
2025-07-21,RELIANCE,Test,3,0,HOLD,0.3823,EXTERNAL,0.196276,0.918785,1.115061,17.6,82.4,EPS_Surprise_Pct,-0.096641,VIX_Level,0.249722
2025-07-21,TCS,Test,11,0,BUY,0.4855,EXTERNAL,0.082947,1.47756,1.560507,5.32,94.68,Reported_EPS,-0.039792,Close_to_SMA200,0.435407
2025-07-22,INFY,Test,96,0,SELL,0.4591,EXTERNAL,0.338837,0.708524,1.047361,32.35,67.65,Days_Since_Earnings,0.249504,Normalized_ATR,0.196883
2025-07-22,RELIANCE,Test,4,1,HOLD,0.3691,EXTERNAL,0.192055,1.018535,1.21059,15.86,84.14,EPS_Surprise_Pct,-0.099239,VIX_Level,0.264361
2025-07-22,TCS,Test,12,0,BUY,0.5446,EXTERNAL,0.065604,1.468459,1.534063,4.28,95.72,Reported_EPS,-0.032774,Close_to_SMA200,0.455123
2025-07-23,INFY,Test,0,0,BUY,0.3618,EXTERNAL,0.084986,0.815802,0.900788,9.43,90.57,Reported_EPS,0.023055,Normalized_MACD_Hist,-0.126523
2025-07-23,RELIANCE,Test,5,1,HOLD,0.415,EXTERNAL,0.200122,0.791203,0.991325,20.19,79.81,EPS_Surprise_Pct,-0.095644,VIX_Level,0.23684
2025-07-23,TCS,Test,13,0,BUY,0.4944,EXTERNAL,0.093547,1.481367,1.574914,5.94,94.06,Reported_EPS,-0.033698,Close_to_SMA200,0.410391
2025-07-24,INFY,Test,1,0,SELL,0.3703,EXTERNAL,0.170902,0.689049,0.85995,19.87,80.13,Days_Since_Earnings,0.087345,Return_21d,0.242321
2025-07-24,RELIANCE,Test,6,1,HOLD,0.3433,EXTERNAL,0.220208,0.900725,1.120933,19.65,80.35,EPS_Surprise_Pct,-0.104898,VIX_Level,0.252288
2025-07-24,TCS,Test,14,0,BUY,0.6223,EXTERNAL,0.09387,1.581247,1.675116,5.6,94.4,Reported_EPS,-0.030107,Close_to_SMA200,0.452306
2025-07-25,INFY,Test,2,0,HOLD,0.4103,EXTERNAL,0.060188,0.993662,1.053851,5.71,94.29,EPS_Surprise_Pct,-0.020517,VIX_Level,0.282983
2025-07-25,RELIANCE,Test,7,1,HOLD,0.3654,EXTERNAL,0.190091,0.857328,1.047419,18.15,81.85,EPS_Surprise_Pct,-0.102612,VIX_Level,0.278536
2025-07-25,TCS,Test,15,0,BUY,0.5988,EXTERNAL,0.096641,1.522688,1.619329,5.97,94.03,Reported_EPS,-0.028997,Close_to_SMA200,0.425816
2025-07-28,INFY,Test,5,0,HOLD,0.4479,EXTERNAL,0.061929,0.932958,0.994887,6.22,93.78,EPS_Surprise_Pct,-0.017643,VIX_Level,0.325319
2025-07-28,RELIANCE,Test,10,1,SELL,0.3605,EXTERNAL,0.363779,0.821324,1.185103,30.7,69.3,Days_Since_Earnings,0.192381,Return_21d,0.182128
2025-07-28,TCS,Test,18,1,BUY,0.6038,EXTERNAL,0.078977,1.482289,1.561266,5.06,94.94,Reported_EPS,-0.026373,Close_to_SMA200,0.424334
2025-07-29,INFY,Test,6,0,HOLD,0.4275,EXTERNAL,0.05497,0.736291,0.791261,6.95,93.05,EPS_Surprise_Pct,-0.020421,VIX_Level,0.278328
2025-07-29,RELIANCE,Test,11,1,HOLD,0.3845,EXTERNAL,0.241286,0.791016,1.032302,23.37,76.63,EPS_Surprise,-0.104797,VIX_Level,0.191769
2025-07-29,TCS,Test,19,1,BUY,0.5671,EXTERNAL,0.102783,1.426247,1.52903,6.72,93.28,Reported_EPS,-0.036036,Close_to_SMA200,0.413242
2025-07-30,INFY,Test,7,0,HOLD,0.4147,EXTERNAL,0.063383,0.804137,0.867521,7.31,92.69,EPS_Surprise_Pct,-0.019518,VIX_Level,0.27906
2025-07-30,RELIANCE,Test,12,1,BUY,0.3604,EXTERNAL,0.502303,0.726709,1.229012,40.87,59.13,EPS_Surprise,0.402279,Normalized_MACD_Hist,-0.13938
2025-07-30,TCS,Test,20,1,BUY,0.5523,EXTERNAL,0.117386,1.413229,1.530615,7.67,92.33,Reported_EPS,-0.030629,Close_to_SMA200,0.407526
2025-07-31,INFY,Test,8,0,HOLD,0.3667,EXTERNAL,0.071198,0.724362,0.79556,8.95,91.05,EPS_Surprise_Pct,-0.021858,VIX_Level,0.220203
2025-07-31,RELIANCE,Test,13,1,BUY,0.3847,EXTERNAL,0.462546,0.860216,1.322762,34.97,65.03,EPS_Surprise,0.360042,Normalized_MACD_Hist,-0.175542
2025-07-31,TCS,Test,21,1,BUY,0.5794,EXTERNAL,0.110682,1.448737,1.559419,7.1,92.9,Days_Since_Earnings,-0.039085,Close_to_SMA200,0.405711
2025-08-01,INFY,Test,9,0,BUY,0.4757,EXTERNAL,0.085054,1.319018,1.404073,6.06,93.94,EPS_Surprise,-0.01772,Close_to_SMA200,0.411444
2025-08-01,RELIANCE,Test,14,1,BUY,0.4102,EXTERNAL,0.551942,0.814566,1.366509,40.39,59.61,EPS_Surprise,0.435951,Normalized_MACD_Hist,-0.147715
2025-08-01,TCS,Test,22,1,BUY,0.5642,EXTERNAL,0.110038,1.489017,1.599055,6.88,93.12,Days_Since_Earnings,-0.044484,Close_to_SMA200,0.393794
2025-08-04,INFY,Test,12,0,BUY,0.4679,EXTERNAL,0.083075,1.329442,1.412517,5.88,94.12,Days_Since_Earnings,0.023025,Close_to_SMA200,0.391411
2025-08-04,RELIANCE,Test,17,1,BUY,0.3676,EXTERNAL,0.548356,0.692357,1.240713,44.2,55.8,EPS_Surprise,0.44595,Normalized_MACD_Hist,-0.112554
2025-08-04,TCS,Test,25,1,BUY,0.6615,EXTERNAL,0.11628,1.445918,1.562198,7.44,92.56,EPS_Surprise,0.04262,Close_to_SMA200,0.488271
2025-08-05,INFY,Test,13,0,BUY,0.504,EXTERNAL,0.084807,1.261674,1.346481,6.3,93.7,EPS_Surprise,-0.020166,Close_to_SMA200,0.408789
2025-08-05,RELIANCE,Test,18,1,BUY,0.4606,EXTERNAL,0.563549,0.70989,1.273439,44.25,55.75,EPS_Surprise,0.435216,Normalized_MACD_Hist,-0.088783
2025-08-05,TCS,Test,26,1,BUY,0.555,EXTERNAL,0.131747,1.329704,1.461452,9.01,90.99,Days_Since_Earnings,-0.044613,Close_to_SMA200,0.416978
2025-08-06,INFY,Test,14,1,BUY,0.505,EXTERNAL,0.096616,1.292033,1.388649,6.96,93.04,Days_Since_Earnings,0.037217,Close_to_SMA200,0.37942
2025-08-06,RELIANCE,Test,19,1,BUY,0.4438,EXTERNAL,0.571024,0.63355,1.204574,47.4,52.6,EPS_Surprise,0.4543,VIX_Level,-0.104603
2025-08-06,TCS,Test,27,1,BUY,0.5252,EXTERNAL,0.085517,1.299562,1.385079,6.17,93.83,Days_Since_Earnings,-0.049171,Close_to_SMA200,0.371021
2025-08-07,INFY,Test,15,1,BUY,0.526,EXTERNAL,0.085796,1.352542,1.438338,5.96,94.04,Days_Since_Earnings,0.038823,Close_to_SMA200,0.420524
2025-08-07,RELIANCE,Test,20,1,BUY,0.4861,EXTERNAL,0.492965,0.629763,1.122727,43.91,56.09,EPS_Surprise,0.396524,RSI_14,0.102705
2025-08-07,TCS,Test,28,1,BUY,0.5957,EXTERNAL,0.136611,1.363155,1.499766,9.11,90.89,Days_Since_Earnings,-0.053813,Close_to_SMA200,0.451363
2025-08-08,INFY,Test,16,1,BUY,0.5064,EXTERNAL,0.078992,1.244856,1.323848,5.97,94.03,Days_Since_Earnings,0.030086,Close_to_SMA200,0.349781
2025-08-08,RELIANCE,Test,21,1,BUY,0.5125,EXTERNAL,0.53466,0.62965,1.164311,45.92,54.08,EPS_Surprise,0.414329,RSI_14,0.090359
2025-08-08,TCS,Test,29,1,BUY,0.6079,EXTERNAL,0.139997,1.464904,1.604901,8.72,91.28,Days_Since_Earnings,-0.055665,Close_to_SMA200,0.407204
2025-08-11,INFY,Test,19,1,BUY,0.4694,EXTERNAL,0.056754,1.358082,1.414836,4.01,95.99,EPS_Estimate,-0.015307,Close_to_SMA200,0.372361
2025-08-11,RELIANCE,Test,24,2,BUY,0.5051,EXTERNAL,0.525232,0.70795,1.233183,42.59,57.41,EPS_Surprise,0.407036,VIX_Level,-0.109502
2025-08-11,TCS,Test,32,1,BUY,0.6803,EXTERNAL,0.126436,1.52508,1.651517,7.66,92.34,Days_Since_Earnings,-0.049749,Close_to_SMA200,0.461807
2025-08-12,INFY,Test,20,2,BUY,0.5421,EXTERNAL,0.055875,1.364946,1.42082,3.93,96.07,EPS_Estimate,-0.017196,Close_to_SMA200,0.389422
2025-08-12,RELIANCE,Test,25,2,BUY,0.5138,EXTERNAL,0.532275,0.73007,1.262345,42.17,57.83,EPS_Surprise,0.413393,VIX_Level,-0.10122
2025-08-12,TCS,Test,33,2,BUY,0.7143,EXTERNAL,0.099718,1.528602,1.628321,6.12,93.88,Days_Since_Earnings,-0.051852,Close_to_SMA200,0.506215
2025-08-13,INFY,Test,21,2,BUY,0.5191,EXTERNAL,0.051053,1.415565,1.466618,3.48,96.52,EPS_Estimate,-0.020971,Close_to_SMA200,0.381741
2025-08-13,RELIANCE,Test,26,2,BUY,0.5242,EXTERNAL,0.557214,0.761254,1.318467,42.26,57.74,EPS_Surprise,0.42285,VIX_Level,-0.123909
2025-08-13,TCS,Test,34,2,BUY,0.6456,EXTERNAL,0.160819,1.352036,1.512855,10.63,89.37,EPS_Surprise,0.064167,Close_to_SMA200,0.381476
2025-08-14,INFY,Test,22,2,BUY,0.5775,EXTERNAL,0.09537,1.362994,1.458364,6.54,93.46,Days_Since_Earnings,-0.03234,Close_to_SMA200,0.428525
2025-08-14,RELIANCE,Test,27,2,BUY,0.5149,EXTERNAL,0.519403,0.739513,1.258916,41.26,58.74,EPS_Surprise,0.400354,RSI_14,0.106549
2025-08-14,TCS,Test,35,1,BUY,0.7107,EXTERNAL,0.102509,1.480306,1.582815,6.48,93.52,Days_Since_Earnings,-0.0448,Close_to_SMA200,0.388205
2025-08-18,INFY,Test,26,2,BUY,0.6508,EXTERNAL,0.087722,1.305146,1.392868,6.3,93.7,Days_Since_Earnings,-0.030614,Close_to_SMA200,0.427647
2025-08-18,RELIANCE,Test,31,2,BUY,0.4336,EXTERNAL,0.499412,0.713099,1.212511,41.19,58.81,EPS_Surprise,0.389662,VIX_Level,-0.103799
2025-08-18,TCS,Test,39,2,BUY,0.6859,EXTERNAL,0.107937,1.408888,1.516825,7.12,92.88,Days_Since_Earnings,-0.040737,Close_to_SMA200,0.436406
2025-08-19,INFY,Test,27,2,BUY,0.5092,EXTERNAL,0.091607,1.491254,1.582861,5.79,94.21,Days_Since_Earnings,-0.032682,Close_to_SMA200,0.367199
2025-08-19,RELIANCE,Test,32,0,HOLD,0.3586,EXTERNAL,0.185943,0.633784,0.819727,22.68,77.32,EPS_Surprise,-0.087363,VIX_Level,0.102814
2025-08-19,TCS,Test,40,2,BUY,0.679,EXTERNAL,0.123696,1.535888,1.659583,7.45,92.55,EPS_Surprise,0.057212,Close_to_SMA200,0.421407
2025-08-20,INFY,Test,28,1,HOLD,0.4408,EXTERNAL,0.084838,0.63568,0.720519,11.77,88.23,Days_Since_Earnings,0.041319,VIX_Level,0.188351
2025-08-20,RELIANCE,Test,33,1,BUY,0.4423,INTERNAL,0.554951,0.502753,1.057704,52.47,47.53,EPS_Surprise,0.437803,VIX_Level,-0.136131
2025-08-20,TCS,Test,41,1,HOLD,0.4783,EXTERNAL,0.356573,0.664479,1.021052,34.92,65.08,Reported_EPS,0.198525,VIX_Level,0.130462
2025-08-21,INFY,Test,29,1,SELL,0.4368,EXTERNAL,0.061476,1.013168,1.074644,5.72,94.28,EPS_Surprise_Pct,-0.024234,Return_21d,0.209744
2025-08-21,RELIANCE,Test,34,0,HOLD,0.4411,EXTERNAL,0.170427,0.695308,0.865735,19.69,80.31,EPS_Surprise,-0.073804,VIX_Level,0.183662
2025-08-21,TCS,Test,42,1,HOLD,0.5009,EXTERNAL,0.327675,0.642691,0.970366,33.77,66.23,Reported_EPS,0.20396,VIX_Level,0.169868
2025-08-22,INFY,Test,30,1,SELL,0.4899,EXTERNAL,0.068849,0.983411,1.05226,6.54,93.46,Days_Since_Earnings,0.023059,Return_21d,0.192299
2025-08-22,RELIANCE,Test,35,0,BUY,0.4204,INTERNAL,0.552029,0.459548,1.011576,54.57,45.43,EPS_Surprise,0.428291,VIX_Level,-0.146922
2025-08-22,TCS,Test,43,1,HOLD,0.4656,EXTERNAL,0.37013,0.788593,1.158723,31.94,68.06,Reported_EPS,0.231097,Volume_to_MA20,0.246318
2025-08-25,INFY,Test,33,0,HOLD,0.5463,EXTERNAL,0.075928,0.838578,0.914506,8.3,91.7,Days_Since_Earnings,0.040889,VIX_Level,0.255477
2025-08-25,RELIANCE,Test,38,0,BUY,0.4359,INTERNAL,0.546554,0.512929,1.059482,51.59,48.41,EPS_Surprise,0.434235,VIX_Level,-0.147362
2025-08-25,TCS,Test,46,1,HOLD,0.6621,EXTERNAL,0.340429,1.085317,1.425746,23.88,76.12,Reported_EPS,0.200888,Bollinger_PctB,0.252307
2025-08-26,INFY,Test,34,0,HOLD,0.5355,EXTERNAL,0.064488,0.752378,0.816866,7.89,92.11,Days_Since_Earnings,0.034729,VIX_Level,0.236462
2025-08-26,RELIANCE,Test,39,1,BUY,0.5211,EXTERNAL,0.490246,0.585345,1.075591,45.58,54.42,EPS_Surprise,0.382868,VIX_Level,-0.109689
2025-08-26,TCS,Test,47,1,HOLD,0.7148,EXTERNAL,0.285291,1.147421,1.432712,19.91,80.09,Reported_EPS,0.181377,Bollinger_PctB,0.266608
2025-08-28,INFY,Test,36,0,HOLD,0.4762,EXTERNAL,0.07767,0.858737,0.936407,8.29,91.71,Days_Since_Earnings,0.033226,Volume_to_MA20,0.205973
2025-08-28,RELIANCE,Test,41,1,BUY,0.4868,INTERNAL,0.503865,0.503789,1.007655,50.0,50.0,EPS_Surprise,0.395515,VIX_Level,-0.122033
2025-08-28,TCS,Test,49,1,BUY,0.4495,EXTERNAL,0.185182,1.064904,1.250086,14.81,85.19,Reported_EPS,-0.078621,Close_to_SMA200,0.387128
2025-08-29,INFY,Test,37,1,HOLD,0.3537,EXTERNAL,0.064722,0.662803,0.727525,8.9,91.1,Days_Since_Earnings,0.035932,VIX_Level,0.216906
2025-08-29,RELIANCE,Test,42,1,BUY,0.4549,EXTERNAL,0.502713,0.699422,1.202135,41.82,58.18,EPS_Surprise,0.375267,VIX_Level,-0.093507
2025-08-29,TCS,Test,50,1,HOLD,0.5279,EXTERNAL,0.319862,0.730839,1.0507,30.44,69.56,Reported_EPS,0.203284,VIX_Level,0.237467
2025-09-01,INFY,Test,40,0,HOLD,0.4563,EXTERNAL,0.083863,0.79446,0.878322,9.55,90.45,Days_Since_Earnings,0.035959,VIX_Level,0.226683
2025-09-01,RELIANCE,Test,45,1,BUY,0.5064,EXTERNAL,0.540197,0.671082,1.211279,44.6,55.4,EPS_Surprise,0.414962,VIX_Level,-0.104429
2025-09-01,TCS,Test,53,0,HOLD,0.5402,EXTERNAL,0.400043,0.757951,1.157994,34.55,65.45,Reported_EPS,0.253242,Volume_to_MA20,0.170629
2025-09-02,INFY,Test,41,1,HOLD,0.4125,EXTERNAL,0.084021,0.678952,0.762973,11.01,88.99,Days_Since_Earnings,0.044807,VIX_Level,0.222218
2025-09-02,RELIANCE,Test,46,1,BUY,0.4657,EXTERNAL,0.528766,0.583844,1.11261,47.52,52.48,EPS_Surprise,0.40672,VIX_Level,-0.098462
2025-09-02,TCS,Test,54,1,BUY,0.4319,EXTERNAL,0.199198,0.880965,1.080163,18.44,81.56,Reported_EPS,-0.083573,Close_to_SMA200,0.388986
2025-09-03,INFY,Test,42,2,HOLD,0.4134,EXTERNAL,0.072985,0.755729,0.828713,8.81,91.19,Days_Since_Earnings,0.037495,Volume_to_MA20,0.197547
2025-09-03,RELIANCE,Test,47,1,BUY,0.4538,EXTERNAL,0.548733,0.609765,1.158498,47.37,52.63,EPS_Surprise,0.423186,VIX_Level,-0.106512
2025-09-03,TCS,Test,55,1,BUY,0.4713,EXTERNAL,0.174493,0.901114,1.075607,16.22,83.78,Reported_EPS,-0.069451,Close_to_SMA200,0.404015
2025-09-04,INFY,Test,43,2,HOLD,0.3922,EXTERNAL,0.066248,0.620268,0.686515,9.65,90.35,Days_Since_Earnings,0.038149,VIX_Level,0.179029
2025-09-04,RELIANCE,Test,48,1,BUY,0.4761,EXTERNAL,0.475058,0.804564,1.279622,37.12,62.88,EPS_Surprise,0.368138,VIX_Level,-0.114392
2025-09-04,TCS,Test,56,1,HOLD,0.4933,EXTERNAL,0.372531,0.822465,1.194996,31.17,68.83,Reported_EPS,0.239775,Volume_to_MA20,0.242779
2025-09-05,INFY,Test,44,2,BUY,0.5607,EXTERNAL,0.079299,1.078383,1.157682,6.85,93.15,Days_Since_Earnings,-0.024917,Close_to_SMA200,0.415282
2025-09-05,RELIANCE,Test,49,1,BUY,0.4006,INTERNAL,0.542236,0.522164,1.064401,50.94,49.06,EPS_Surprise,0.423742,VIX_Level,-0.101162
2025-09-05,TCS,Test,57,2,BUY,0.617,EXTERNAL,0.165907,1.098778,1.264685,13.12,86.88,EPS_Surprise,0.060328,Close_to_SMA200,0.468413
2025-09-08,INFY,Test,47,2,BUY,0.5896,EXTERNAL,0.072942,1.281714,1.354656,5.38,94.62,Days_Since_Earnings,-0.025146,Close_to_SMA200,0.467292
2025-09-08,RELIANCE,Test,52,1,BUY,0.4295,INTERNAL,0.539541,0.478705,1.018246,52.99,47.01,EPS_Surprise,0.43637,VIX_Level,-0.087592
2025-09-08,TCS,Test,60,2,BUY,0.6739,EXTERNAL,0.150039,1.237625,1.387663,10.81,89.19,Reported_EPS,-0.073212,Close_to_SMA200,0.482105
2025-09-09,INFY,Test,48,1,HOLD,0.4012,EXTERNAL,0.073874,0.790034,0.863908,8.55,91.45,Days_Since_Earnings,0.036224,VIX_Level,0.180539
2025-09-09,RELIANCE,Test,53,2,BUY,0.4331,INTERNAL,0.52673,0.500169,1.026898,51.29,48.71,EPS_Surprise,0.418936,VIX_Level,-0.101908
2025-09-09,TCS,Test,61,2,BUY,0.4624,EXTERNAL,0.182455,0.919861,1.102316,16.55,83.45,Reported_EPS,-0.073097,Close_to_SMA200,0.402419
2025-09-10,INFY,Test,49,1,HOLD,0.5811,EXTERNAL,0.078199,0.827046,0.905245,8.64,91.36,Days_Since_Earnings,0.036722,VIX_Level,0.280833
2025-09-10,RELIANCE,Test,54,2,BUY,0.5324,INTERNAL,0.558207,0.551901,1.110108,50.28,49.72,EPS_Surprise,0.446172,VIX_Level,-0.123816
2025-09-10,TCS,Test,62,2,BUY,0.4952,EXTERNAL,0.184061,1.036479,1.22054,15.08,84.92,Reported_EPS,-0.075875,Close_to_SMA200,0.399685
2025-09-11,INFY,Test,50,2,HOLD,0.3782,EXTERNAL,0.064578,0.632379,0.696957,9.27,90.73,Days_Since_Earnings,0.035667,VIX_Level,0.214368
2025-09-11,RELIANCE,Test,55,2,BUY,0.4412,INTERNAL,0.502146,0.501222,1.003368,50.05,49.95,EPS_Surprise,0.403989,VIX_Level,-0.131493
2025-09-11,TCS,Test,63,1,BUY,0.4703,EXTERNAL,0.180024,0.901064,1.081088,16.65,83.35,Reported_EPS,-0.075273,Close_to_SMA200,0.28292
2025-09-12,INFY,Test,51,1,HOLD,0.4737,EXTERNAL,0.065723,0.703842,0.769565,8.54,91.46,Days_Since_Earnings,0.03995,VIX_Level,0.256482
2025-09-12,RELIANCE,Test,56,1,BUY,0.5004,INTERNAL,0.546727,0.545063,1.09179,50.08,49.92,EPS_Surprise,0.444871,VIX_Level,-0.135914
2025-09-12,TCS,Test,64,1,HOLD,0.5125,EXTERNAL,0.437405,0.714799,1.152205,37.96,62.04,Reported_EPS,0.241464,Volume_to_MA20,0.201909
2025-09-15,INFY,Test,54,1,HOLD,0.3914,EXTERNAL,0.065588,0.609491,0.67508,9.72,90.28,Days_Since_Earnings,0.035034,VIX_Level,0.204757
2025-09-15,RELIANCE,Test,59,1,BUY,0.4881,INTERNAL,0.532991,0.522286,1.055277,50.51,49.49,EPS_Surprise,0.441433,VIX_Level,-0.130914
2025-09-15,TCS,Test,67,1,HOLD,0.4096,EXTERNAL,0.41026,0.532429,0.942689,43.52,56.48,Reported_EPS,0.200702,VIX_Level,0.108501
2025-09-16,INFY,Test,55,1,HOLD,0.453,EXTERNAL,0.068514,0.812155,0.88067,7.78,92.22,Days_Since_Earnings,0.038802,VIX_Level,0.3019
2025-09-16,RELIANCE,Test,60,1,BUY,0.4804,EXTERNAL,0.531462,0.658421,1.189884,44.67,55.33,EPS_Surprise,0.438036,VIX_Level,-0.130772
2025-09-16,TCS,Test,68,0,HOLD,0.5293,EXTERNAL,0.389858,0.542451,0.932309,41.82,58.18,Reported_EPS,0.203898,VIX_Level,0.179182
2025-09-17,INFY,Test,56,1,HOLD,0.5442,EXTERNAL,0.079052,0.928542,1.007594,7.85,92.15,Days_Since_Earnings,0.03736,VIX_Level,0.296559
2025-09-17,RELIANCE,Test,61,0,BUY,0.4751,EXTERNAL,0.577118,0.723368,1.300486,44.38,55.62,EPS_Surprise,0.467458,VIX_Level,-0.142849
2025-09-17,TCS,Test,69,0,HOLD,0.6013,EXTERNAL,0.416668,0.642778,1.059446,39.33,60.67,Reported_EPS,0.203196,VIX_Level,0.215244
2025-09-18,INFY,Test,57,0,HOLD,0.4638,EXTERNAL,0.077469,0.730732,0.8082,9.59,90.41,Days_Since_Earnings,0.044758,VIX_Level,0.301077
2025-09-18,RELIANCE,Test,62,0,BUY,0.4841,EXTERNAL,0.553043,0.696097,1.249141,44.27,55.73,EPS_Surprise,0.450261,VIX_Level,-0.127725
2025-09-18,TCS,Test,70,0,HOLD,0.5043,EXTERNAL,0.351746,0.610214,0.96196,36.57,63.43,Reported_EPS,0.167145,VIX_Level,0.20783
2025-09-19,INFY,Test,58,0,HOLD,0.3665,EXTERNAL,0.072027,0.696974,0.769002,9.37,90.63,Days_Since_Earnings,0.044708,VIX_Level,0.251509
2025-09-19,RELIANCE,Test,63,0,BUY,0.5658,EXTERNAL,0.54077,0.775262,1.316032,41.09,58.91,EPS_Surprise,0.432931,VIX_Level,-0.120549
2025-09-19,TCS,Test,71,0,BUY,0.4596,EXTERNAL,0.179047,0.662747,0.841794,21.27,78.73,Reported_EPS,-0.065399,Normalized_ATR,0.103431
2025-09-22,INFY,Test,61,0,BUY,0.3715,EXTERNAL,0.073529,0.68639,0.759918,9.68,90.32,EPS_Surprise,-0.023335,VIX_Level,-0.103758
2025-09-22,RELIANCE,Test,66,1,BUY,0.6284,EXTERNAL,0.59051,0.751175,1.341685,44.01,55.99,EPS_Surprise,0.464891,Normalized_ATR,0.127086
2025-09-22,TCS,Test,74,0,BUY,0.5384,EXTERNAL,0.16709,0.985767,1.152857,14.49,85.51,Reported_EPS,-0.06964,Close_to_SMA200,0.366768
2025-09-23,INFY,Test,62,0,BUY,0.3714,EXTERNAL,0.073192,0.720023,0.793215,9.23,90.77,EPS_Surprise,-0.023466,VIX_Level,-0.093142
2025-09-23,RELIANCE,Test,67,1,BUY,0.6417,EXTERNAL,0.566374,0.805343,1.371717,41.29,58.71,EPS_Surprise,0.426225,Normalized_ATR,0.127755
2025-09-23,TCS,Test,75,0,BUY,0.5461,EXTERNAL,0.177252,0.940032,1.117284,15.86,84.14,Reported_EPS,-0.078279,Close_to_SMA200,0.409884
2025-09-24,INFY,Test,63,0,HOLD,0.4081,EXTERNAL,0.083142,0.833307,0.916449,9.07,90.93,Days_Since_Earnings,0.041081,VIX_Level,0.219724
2025-09-24,RELIANCE,Test,68,1,BUY,0.5956,EXTERNAL,0.617564,0.70297,1.320534,46.77,53.23,EPS_Surprise,0.469786,Rolling_Volatility_20d,0.136104
2025-09-24,TCS,Test,76,0,BUY,0.4786,EXTERNAL,0.184855,0.918055,1.10291,16.76,83.24,Reported_EPS,-0.076438,Close_to_SMA200,0.412549
2025-09-25,INFY,Test,64,0,BUY,0.3667,EXTERNAL,0.076926,0.685604,0.76253,10.09,89.91,EPS_Surprise,-0.027284,VIX_Level,-0.089274
2025-09-25,RELIANCE,Test,69,1,BUY,0.6324,EXTERNAL,0.571281,0.761367,1.332648,42.87,57.13,EPS_Surprise,0.430622,Rolling_Volatility_20d,0.1423
2025-09-25,TCS,Test,77,1,HOLD,0.4233,EXTERNAL,0.366088,0.948181,1.314269,27.85,72.15,EPS_Surprise,-0.135278,VIX_Level,0.225438
2025-09-26,INFY,Test,65,1,HOLD,0.3822,EXTERNAL,0.086278,0.775974,0.862252,10.01,89.99,Days_Since_Earnings,0.046172,VIX_Level,0.236097
2025-09-26,RELIANCE,Test,70,1,BUY,0.8006,EXTERNAL,0.604892,1.335096,1.939988,31.18,68.82,EPS_Surprise,0.434097,Rolling_Volatility_20d,0.734073
2025-09-26,TCS,Test,78,2,HOLD,0.4218,EXTERNAL,0.369686,0.994521,1.364207,27.1,72.9,EPS_Surprise,-0.142128,VIX_Level,0.279484
2025-09-29,INFY,Test,68,1,HOLD,0.4318,EXTERNAL,0.147985,0.725061,0.873046,16.95,83.05,Days_Since_Earnings,0.090508,VIX_Level,0.215042
2025-09-29,RELIANCE,Test,73,1,BUY,0.8105,EXTERNAL,0.582954,1.451875,2.034829,28.65,71.35,EPS_Surprise,0.403972,Rolling_Volatility_20d,0.717207
2025-09-29,TCS,Test,81,2,HOLD,0.5124,EXTERNAL,0.35161,1.071608,1.423218,24.71,75.29,Reported_EPS,0.154642,VIX_Level,0.319973
2025-09-30,INFY,Test,69,2,HOLD,0.4811,EXTERNAL,0.148045,0.890817,1.038861,14.25,85.75,Days_Since_Earnings,0.087628,VIX_Level,0.293074
2025-09-30,RELIANCE,Test,74,1,BUY,0.8262,EXTERNAL,0.586742,1.471198,2.05794,28.51,71.49,EPS_Surprise,0.411634,Rolling_Volatility_20d,0.712002
2025-09-30,TCS,Test,82,2,HOLD,0.5111,EXTERNAL,0.412302,1.040844,1.453146,28.37,71.63,Reported_EPS,0.162763,VIX_Level,0.287567
2025-10-01,INFY,Test,70,2,HOLD,0.4114,EXTERNAL,0.143052,0.763165,0.906217,15.79,84.21,Days_Since_Earnings,0.084755,VIX_Level,0.235837
2025-10-01,RELIANCE,Test,75,1,BUY,0.8302,EXTERNAL,0.572946,1.558973,2.131919,26.87,73.13,EPS_Surprise,0.395752,Rolling_Volatility_20d,0.769459
2025-10-01,TCS,Test,83,2,BUY,0.4772,EXTERNAL,0.14836,1.384432,1.532792,9.68,90.32,Reported_EPS,-0.066956,Close_to_SMA200,0.499163
2025-10-03,INFY,Test,72,2,HOLD,0.481,EXTERNAL,0.137498,0.741151,0.87865,15.65,84.35,Days_Since_Earnings,0.080247,VIX_Level,0.247823
2025-10-03,RELIANCE,Test,77,1,BUY,0.8215,EXTERNAL,0.569588,1.492953,2.062541,27.62,72.38,EPS_Surprise,0.385256,Rolling_Volatility_20d,0.764046
2025-10-03,TCS,Test,85,2,BUY,0.5003,EXTERNAL,0.142146,1.389072,1.531218,9.28,90.72,Reported_EPS,-0.065696,Close_to_SMA200,0.465184
2025-10-06,INFY,Test,75,1,HOLD,0.5079,EXTERNAL,0.145856,0.795633,0.941489,15.49,84.51,Days_Since_Earnings,0.081688,VIX_Level,0.186711
2025-10-06,RELIANCE,Test,80,1,BUY,0.8088,EXTERNAL,0.604117,1.450254,2.054371,29.41,70.59,EPS_Surprise,0.429391,Rolling_Volatility_20d,0.742927
2025-10-06,TCS,Test,88,1,HOLD,0.3897,INTERNAL,0.742233,0.681324,1.423557,52.14,47.86,Days_Since_Earnings,-0.310735,VIX_Level,0.158186
2025-10-07,INFY,Test,76,2,HOLD,0.3777,EXTERNAL,0.11371,0.707397,0.821107,13.85,86.15,Days_Since_Earnings,0.071171,VIX_Level,0.163959
2025-10-07,RELIANCE,Test,81,1,BUY,0.8003,EXTERNAL,0.588598,1.440999,2.029597,29.0,71.0,EPS_Surprise,0.428662,Rolling_Volatility_20d,0.747194
2025-10-07,TCS,Test,89,1,BUY,0.3632,EXTERNAL,0.261712,0.913879,1.175591,22.26,77.74,Reported_EPS,-0.116022,Close_to_SMA200,0.406249
2025-10-08,INFY,Test,77,1,HOLD,0.3871,EXTERNAL,0.132307,0.660666,0.792973,16.68,83.32,Days_Since_Earnings,0.076647,VIX_Level,0.14178
2025-10-08,RELIANCE,Test,82,1,BUY,0.8253,EXTERNAL,0.60541,1.417066,2.022476,29.93,70.07,EPS_Surprise,0.417916,Rolling_Volatility_20d,0.745074
2025-10-08,TCS,Test,90,1,SELL,0.362,EXTERNAL,0.21945,0.865714,1.085164,20.22,79.78,Days_Since_Earnings,0.134581,Close_to_SMA200,-0.189357
2025-10-09,INFY,Test,78,0,HOLD,0.3891,EXTERNAL,0.103172,0.622436,0.725608,14.22,85.78,Days_Since_Earnings,0.059186,VIX_Level,0.200224
2025-10-09,RELIANCE,Test,83,1,BUY,0.8039,EXTERNAL,0.603986,1.42721,2.031196,29.74,70.26,EPS_Surprise,0.430851,Rolling_Volatility_20d,0.767127
2025-10-09,TCS,Test,0,0,HOLD,0.5262,EXTERNAL,0.304095,0.606718,0.910813,33.39,66.61,Reported_EPS,0.191186,VIX_Level,0.191929
2025-10-10,INFY,Test,79,0,HOLD,0.4296,EXTERNAL,0.062237,0.570369,0.632606,9.84,90.16,Reported_EPS,-0.02295,VIX_Level,0.184329
2025-10-10,RELIANCE,Test,84,2,BUY,0.7823,EXTERNAL,0.608521,1.404125,2.012646,30.23,69.77,EPS_Surprise,0.430906,Rolling_Volatility_20d,0.732551
2025-10-10,TCS,Test,1,0,HOLD,0.4596,EXTERNAL,0.211517,0.582307,0.793824,26.65,73.35,Reported_EPS,0.173361,VIX_Level,0.152261
2025-10-13,INFY,Test,82,0,SELL,0.3409,EXTERNAL,0.091637,0.480787,0.572424,16.01,83.99,Days_Since_Earnings,-0.030604,Return_21d,-0.091798
2025-10-13,RELIANCE,Test,87,2,BUY,0.8168,EXTERNAL,0.593154,1.3747,1.967853,30.14,69.86,EPS_Surprise,0.418536,Rolling_Volatility_20d,0.708223
2025-10-13,TCS,Test,4,1,HOLD,0.3996,EXTERNAL,0.268878,0.641638,0.910516,29.53,70.47,Reported_EPS,0.208958,VIX_Level,0.194972
2025-10-14,INFY,Test,83,1,SELL,0.3521,EXTERNAL,0.055818,0.451114,0.506932,11.01,88.99,EPS_Estimate,0.02474,Return_21d,-0.090241
2025-10-14,RELIANCE,Test,88,2,BUY,0.8309,EXTERNAL,0.567428,1.416497,1.983925,28.6,71.4,EPS_Surprise,0.379708,Rolling_Volatility_20d,0.756523
2025-10-14,TCS,Test,5,1,BUY,0.52,EXTERNAL,0.182794,1.154907,1.337701,13.66,86.34,Reported_EPS,-0.099341,Close_to_SMA200,0.473439
2025-10-15,INFY,Test,84,2,SELL,0.3934,EXTERNAL,0.084296,0.472797,0.557093,15.13,84.87,EPS_Estimate,0.030629,Normalized_ATR,0.091794
2025-10-15,RELIANCE,Test,89,2,BUY,0.8171,EXTERNAL,0.600654,1.343673,1.944327,30.89,69.11,EPS_Surprise,0.418614,Rolling_Volatility_20d,0.765867
2025-10-15,TCS,Test,6,2,BUY,0.428,EXTERNAL,0.18263,1.110108,1.292738,14.13,85.87,Reported_EPS,-0.097398,Close_to_SMA200,0.405082
2025-10-16,INFY,Test,0,2,BUY,0.3609,EXTERNAL,0.102975,0.675561,0.778536,13.23,86.77,Days_Since_Earnings,0.029498,VIX_Level,-0.097339
2025-10-16,RELIANCE,Test,90,2,BUY,0.8185,EXTERNAL,0.570158,1.455774,2.025932,28.14,71.86,EPS_Surprise,0.392669,Rolling_Volatility_20d,0.771758
2025-10-16,TCS,Test,7,2,BUY,0.4054,EXTERNAL,0.159467,0.990451,1.149918,13.87,86.13,Reported_EPS,-0.083159,Close_to_SMA200,0.392169
2025-10-17,INFY,Test,1,2,SELL,0.3748,EXTERNAL,0.188971,0.80327,0.992241,19.04,80.96,Days_Since_Earnings,0.081117,Return_21d,0.256863
2025-10-17,RELIANCE,Test,0,2,HOLD,0.3815,EXTERNAL,0.123793,0.726114,0.849907,14.57,85.43,Earnings_Event,-0.057467,VIX_Level,0.195966
2025-10-17,TCS,Test,8,2,BUY,0.4055,EXTERNAL,0.156791,1.044752,1.201543,13.05,86.95,Reported_EPS,-0.079928,Close_to_SMA200,0.385642
2025-10-20,INFY,Test,4,2,SELL,0.4312,EXTERNAL,0.155379,0.62476,0.780139,19.92,80.08,Days_Since_Earnings,0.085583,Return_21d,0.20348
2025-10-20,RELIANCE,Test,3,1,HOLD,0.3968,EXTERNAL,0.016021,0.728519,0.74454,2.15,97.85,Reported_EPS,-0.009944,VIX_Level,0.149146
2025-10-20,TCS,Test,11,1,HOLD,0.4137,EXTERNAL,0.218899,0.772322,0.991221,22.08,77.92,Reported_EPS,0.169674,VIX_Level,0.238641
2025-10-21,INFY,Test,5,2,HOLD,0.3617,EXTERNAL,0.052073,0.689612,0.741684,7.02,92.98,Reported_EPS,-0.01838,VIX_Level,0.175841
2025-10-21,RELIANCE,Test,4,2,SELL,0.5032,EXTERNAL,0.392721,1.348007,1.740729,22.56,77.44,EPS_Surprise,0.217019,Volume_Change,0.418597
2025-10-21,TCS,Test,12,1,HOLD,0.4639,EXTERNAL,0.316606,0.745993,1.062598,29.8,70.2,Reported_EPS,0.247798,Volume_to_MA20,0.189755
2025-10-23,INFY,Test,7,0,HOLD,0.5868,EXTERNAL,0.049634,0.943676,0.993311,5.0,95.0,EPS_Surprise,0.021804,VIX_Level,0.23307
2025-10-23,RELIANCE,Test,6,2,SELL,0.4544,EXTERNAL,0.600787,1.264852,1.865639,32.2,67.8,EPS_Surprise,0.379752,Normalized_ATR,-0.303859
2025-10-23,TCS,Test,14,1,HOLD,0.5747,EXTERNAL,0.259664,0.705186,0.96485,26.91,73.09,Reported_EPS,0.185801,VIX_Level,0.243175
2025-10-24,INFY,Test,8,0,HOLD,0.5037,EXTERNAL,0.04014,0.743409,0.783549,5.12,94.88,EPS_Surprise,0.018963,VIX_Level,0.259716
2025-10-24,RELIANCE,Test,7,2,HOLD,0.4747,EXTERNAL,0.038234,0.578004,0.616238,6.2,93.8,Reported_EPS,-0.008182,VIX_Level,0.235791
2025-10-24,TCS,Test,15,1,HOLD,0.5828,EXTERNAL,0.29992,0.569417,0.869337,34.5,65.5,Reported_EPS,0.214107,VIX_Level,0.234811
2025-10-27,INFY,Test,11,1,HOLD,0.4471,EXTERNAL,0.038955,0.666264,0.705218,5.52,94.48,EPS_Surprise,0.018021,VIX_Level,0.244762
2025-10-27,RELIANCE,Test,10,1,HOLD,0.4346,EXTERNAL,0.03205,0.838139,0.870188,3.68,96.32,Reported_EPS,-0.0126,VIX_Level,0.184531
2025-10-27,TCS,Test,18,0,HOLD,0.7212,EXTERNAL,0.354483,0.772273,1.126756,31.46,68.54,Reported_EPS,0.253283,VIX_Level,0.231133
2025-10-28,INFY,Test,12,0,HOLD,0.4138,EXTERNAL,0.041119,0.490928,0.532047,7.73,92.27,EPS_Surprise,0.015682,VIX_Level,0.210031
2025-10-28,RELIANCE,Test,11,1,SELL,0.3859,EXTERNAL,0.482692,1.290776,1.773468,27.22,72.78,EPS_Surprise,0.354528,Normalized_ATR,-0.459955
2025-10-28,TCS,Test,19,0,HOLD,0.4735,EXTERNAL,0.276079,0.500951,0.77703,35.53,64.47,Reported_EPS,0.207093,VIX_Level,0.174644
2025-10-29,INFY,Test,13,0,HOLD,0.4572,EXTERNAL,0.041921,0.483704,0.525625,7.98,92.02,Reported_EPS,-0.018619,VIX_Level,0.195186
2025-10-29,RELIANCE,Test,12,1,HOLD,0.4112,EXTERNAL,0.043594,0.648726,0.69232,6.3,93.7,Reported_EPS,-0.016366,VIX_Level,0.222318
2025-10-29,TCS,Test,20,1,HOLD,0.5919,EXTERNAL,0.305283,0.573506,0.878789,34.74,65.26,Reported_EPS,0.204932,VIX_Level,0.225854
2025-10-30,INFY,Test,14,1,BUY,0.4275,EXTERNAL,0.117635,0.751673,0.869307,13.53,86.47,Days_Since_Earnings,0.042709,VIX_Level,-0.105158
2025-10-30,RELIANCE,Test,13,1,HOLD,0.399,EXTERNAL,0.03572,0.66545,0.70117,5.09,94.91,Reported_EPS,-0.015428,VIX_Level,0.221556
2025-10-30,TCS,Test,21,1,HOLD,0.447,EXTERNAL,0.223425,0.592397,0.815823,27.39,72.61,Reported_EPS,0.140626,VIX_Level,0.140479
2025-10-31,INFY,Test,15,2,BUY,0.3858,EXTERNAL,0.104703,0.702939,0.807642,12.96,87.04,Days_Since_Earnings,0.040083,VIX_Level,-0.122875
2025-10-31,RELIANCE,Test,14,1,HOLD,0.3979,EXTERNAL,0.066701,0.645818,0.712519,9.36,90.64,Days_Since_Earnings,0.025615,VIX_Level,0.244082
2025-10-31,TCS,Test,22,1,HOLD,0.5428,EXTERNAL,0.316945,0.739528,1.056473,30.0,70.0,Reported_EPS,0.207368,Volume_to_MA20,0.244846
2025-11-03,INFY,Test,18,2,BUY,0.3742,EXTERNAL,0.106699,0.688607,0.795306,13.42,86.58,Days_Since_Earnings,0.036345,Normalized_ATR,-0.083712
2025-11-03,RELIANCE,Test,17,1,HOLD,0.3723,EXTERNAL,0.060897,0.650195,0.711092,8.56,91.44,Days_Since_Earnings,0.024064,VIX_Level,0.220919
2025-11-03,TCS,Test,25,1,BUY,0.4571,EXTERNAL,0.1536,0.619187,0.772788,19.88,80.12,Reported_EPS,-0.071051,Close_to_SMA200,0.104976
2025-11-04,INFY,Test,19,2,BUY,0.4222,EXTERNAL,0.1028,0.714312,0.817112,12.58,87.42,Days_Since_Earnings,0.033012,Normalized_ATR,-0.085469
2025-11-04,RELIANCE,Test,18,2,SELL,0.429,EXTERNAL,0.549661,1.136083,1.685744,32.61,67.39,EPS_Surprise,0.312873,Normalized_ATR,-0.429897
2025-11-04,TCS,Test,26,2,BUY,0.5126,EXTERNAL,0.164336,0.723793,0.888129,18.5,81.5,Reported_EPS,-0.074306,Close_to_SMA200,0.1571
2025-11-06,INFY,Test,21,2,BUY,0.3592,EXTERNAL,0.079644,0.611897,0.691541,11.52,88.48,EPS_Surprise,-0.023267,Normalized_ATR,-0.094555
2025-11-06,RELIANCE,Test,20,1,SELL,0.4347,EXTERNAL,0.510199,1.187092,1.697291,30.06,69.94,EPS_Surprise,0.285138,Normalized_ATR,-0.411798
2025-11-06,TCS,Test,28,2,HOLD,0.4993,EXTERNAL,0.318548,0.677215,0.995763,31.99,68.01,Reported_EPS,0.221685,VIX_Level,0.204313
2025-11-07,INFY,Test,22,1,BUY,0.3571,EXTERNAL,0.094916,0.603263,0.698179,13.59,86.41,EPS_Surprise,-0.020809,Normalized_ATR,-0.08494
2025-11-07,RELIANCE,Test,21,2,SELL,0.3872,EXTERNAL,0.55933,1.049535,1.608865,34.77,65.23,EPS_Surprise,0.305847,Normalized_ATR,-0.369674
2025-11-07,TCS,Test,29,2,HOLD,0.4699,EXTERNAL,0.314656,0.766889,1.081545,29.09,70.91,Reported_EPS,0.210779,Volume_to_MA20,0.244036
2025-11-10,INFY,Test,25,1,HOLD,0.36,EXTERNAL,0.067652,0.574915,0.642566,10.53,89.47,Days_Since_Earnings,0.030022,VIX_Level,0.127803
2025-11-10,RELIANCE,Test,24,1,SELL,0.4265,EXTERNAL,0.563257,1.169935,1.733192,32.5,67.5,EPS_Surprise,0.351697,Normalized_ATR,-0.395382
2025-11-10,TCS,Test,32,2,HOLD,0.4447,EXTERNAL,0.283719,0.766467,1.050186,27.02,72.98,Reported_EPS,0.204496,Volume_to_MA20,0.219718
2025-11-11,INFY,Test,26,0,HOLD,0.4471,EXTERNAL,0.062746,0.56685,0.629596,9.97,90.03,Days_Since_Earnings,0.03174,VIX_Level,0.176212
2025-11-11,RELIANCE,Test,25,1,SELL,0.4452,EXTERNAL,0.568907,1.11402,1.682927,33.8,66.2,EPS_Surprise,0.351425,Normalized_ATR,-0.372493
2025-11-11,TCS,Test,33,1,HOLD,0.4339,EXTERNAL,0.239188,0.706019,0.945207,25.31,74.69,Reported_EPS,0.165122,VIX_Level,0.172904
2025-11-12,INFY,Test,27,1,HOLD,0.5888,EXTERNAL,0.063075,1.032448,1.095523,5.76,94.24,Days_Since_Earnings,0.029857,Bollinger_PctB,0.239813
2025-11-12,RELIANCE,Test,26,1,SELL,0.4883,EXTERNAL,0.574045,1.19595,1.769995,32.43,67.57,EPS_Surprise,0.349043,Normalized_ATR,-0.403298
2025-11-12,TCS,Test,34,1,HOLD,0.616,EXTERNAL,0.235299,0.943319,1.178618,19.96,80.04,Reported_EPS,0.150933,Bollinger_PctB,0.23971
2025-11-13,INFY,Test,28,1,HOLD,0.416,EXTERNAL,0.075682,0.55706,0.632742,11.96,88.04,Days_Since_Earnings,0.04051,VIX_Level,0.173744
2025-11-13,RELIANCE,Test,27,2,SELL,0.4382,EXTERNAL,0.58519,1.160073,1.745263,33.53,66.47,EPS_Surprise,0.350298,Normalized_ATR,-0.419358
2025-11-13,TCS,Test,35,1,HOLD,0.5481,EXTERNAL,0.275109,0.670968,0.946077,29.08,70.92,Reported_EPS,0.179084,VIX_Level,0.144829
2025-11-14,INFY,Test,29,2,BUY,0.3536,EXTERNAL,0.10837,0.769673,0.878043,12.34,87.66,EPS_Surprise,-0.031784,VIX_Level,-0.120424
2025-11-14,RELIANCE,Test,28,1,SELL,0.4804,EXTERNAL,0.538733,1.171748,1.710482,31.5,68.5,EPS_Surprise,0.350178,Normalized_ATR,-0.353509
2025-11-14,TCS,Test,36,1,HOLD,0.5855,EXTERNAL,0.291257,0.604366,0.895623,32.52,67.48,Reported_EPS,0.200705,VIX_Level,0.22714
2025-11-17,INFY,Test,32,2,SELL,0.3504,EXTERNAL,0.121908,0.491331,0.61324,19.88,80.12,Days_Since_Earnings,0.0521,Normalized_ATR,0.118249
2025-11-17,RELIANCE,Test,31,1,SELL,0.4477,EXTERNAL,0.557768,1.11408,1.671848,33.36,66.64,EPS_Surprise,0.349256,Normalized_ATR,-0.342001
2025-11-17,TCS,Test,39,1,HOLD,0.5571,EXTERNAL,0.287091,0.642339,0.929429,30.89,69.11,Reported_EPS,0.190093,VIX_Level,0.2256
2025-11-18,INFY,Test,33,2,SELL,0.3809,EXTERNAL,0.131626,0.428705,0.560331,23.49,76.51,Days_Since_Earnings,0.058862,Normalized_ATR,0.11284
2025-11-18,RELIANCE,Test,32,1,SELL,0.4971,EXTERNAL,0.570734,1.192626,1.76336,32.37,67.63,EPS_Surprise,0.350529,Normalized_ATR,-0.428435
2025-11-18,TCS,Test,40,1,HOLD,0.4791,EXTERNAL,0.277836,0.702568,0.980404,28.34,71.66,Reported_EPS,0.189794,VIX_Level,0.191764
2025-11-19,INFY,Test,34,1,HOLD,0.3883,EXTERNAL,0.072759,0.789571,0.86233,8.44,91.56,Days_Since_Earnings,0.036248,VIX_Level,0.220761
2025-11-19,RELIANCE,Test,33,2,SELL,0.4651,EXTERNAL,0.543546,1.057536,1.601082,33.95,66.05,EPS_Surprise,0.349082,Normalized_ATR,-0.276286
2025-11-19,TCS,Test,41,1,HOLD,0.5291,EXTERNAL,0.261833,0.796488,1.058321,24.74,75.26,Reported_EPS,0.164891,VIX_Level,0.195337
2025-11-20,INFY,Test,35,1,HOLD,0.3596,EXTERNAL,0.065339,0.691864,0.757203,8.63,91.37,Days_Since_Earnings,0.033105,VIX_Level,0.22227
2025-11-20,RELIANCE,Test,34,1,SELL,0.4351,EXTERNAL,0.60722,1.286707,1.893927,32.06,67.94,EPS_Surprise,0.374784,Normalized_ATR,-0.344766
2025-11-20,TCS,Test,42,1,HOLD,0.5168,EXTERNAL,0.247876,0.659594,0.907469,27.32,72.68,Reported_EPS,0.166526,VIX_Level,0.249101
2025-11-21,INFY,Test,36,1,HOLD,0.3759,EXTERNAL,0.062078,0.510803,0.572881,10.84,89.16,Days_Since_Earnings,0.027825,VIX_Level,0.179665
2025-11-21,RELIANCE,Test,35,1,SELL,0.4541,EXTERNAL,0.522384,1.183606,1.70599,30.62,69.38,EPS_Surprise,0.322889,Normalized_ATR,-0.270821
2025-11-21,TCS,Test,43,1,HOLD,0.4771,EXTERNAL,0.276972,0.523326,0.800298,34.61,65.39,Reported_EPS,0.184723,VIX_Level,0.191069
2025-11-24,INFY,Test,39,1,HOLD,0.3486,EXTERNAL,0.06469,0.491936,0.556626,11.62,88.38,Days_Since_Earnings,0.032817,VIX_Level,0.150035
2025-11-24,RELIANCE,Test,38,1,SELL,0.5696,EXTERNAL,0.57199,1.069697,1.641686,34.84,65.16,EPS_Surprise,0.334083,Normalized_ATR,-0.253813
2025-11-24,TCS,Test,46,1,HOLD,0.4059,EXTERNAL,0.237319,0.546824,0.784143,30.26,69.74,Reported_EPS,0.150442,VIX_Level,0.166978
2025-11-25,INFY,Test,40,1,SELL,0.407,EXTERNAL,0.134311,0.527161,0.661472,20.3,79.7,Days_Since_Earnings,0.060991,Return_21d,-0.108686
2025-11-25,RELIANCE,Test,39,1,SELL,0.5336,EXTERNAL,0.57235,1.180098,1.752449,32.66,67.34,EPS_Surprise,0.344829,Normalized_ATR,-0.360451
2025-11-25,TCS,Test,47,1,BUY,0.416,EXTERNAL,0.174835,0.676087,0.850922,20.55,79.45,Reported_EPS,-0.097793,Normalized_ATR,0.134281
2025-11-26,INFY,Test,41,1,HOLD,0.4104,EXTERNAL,0.074816,0.611344,0.68616,10.9,89.1,Days_Since_Earnings,0.032273,VIX_Level,0.207231
2025-11-26,RELIANCE,Test,40,1,SELL,0.4067,EXTERNAL,0.547055,1.350599,1.897654,28.83,71.17,EPS_Surprise,0.347674,Normalized_ATR,-0.342099
2025-11-26,TCS,Test,48,1,HOLD,0.4723,EXTERNAL,0.286178,0.69075,0.976928,29.29,70.71,Reported_EPS,0.20357,VIX_Level,0.16177
2025-11-27,INFY,Test,42,1,HOLD,0.473,EXTERNAL,0.073675,0.55901,0.632685,11.64,88.36,Days_Since_Earnings,0.038146,VIX_Level,0.262492
2025-11-27,RELIANCE,Test,41,1,SELL,0.4574,EXTERNAL,0.546566,1.183141,1.729708,31.6,68.4,EPS_Surprise,0.343753,Normalized_ATR,-0.36472
2025-11-27,TCS,Test,49,2,BUY,0.4755,EXTERNAL,0.161856,0.671459,0.833315,19.42,80.58,Reported_EPS,-0.091398,Close_to_SMA200,0.108147
2025-11-28,INFY,Test,43,2,HOLD,0.446,EXTERNAL,0.077542,0.795022,0.872565,8.89,91.11,Days_Since_Earnings,0.032752,VIX_Level,0.191532
2025-11-28,RELIANCE,Test,42,1,SELL,0.4634,EXTERNAL,0.53178,1.081238,1.613018,32.97,67.03,EPS_Surprise,0.338478,Normalized_ATR,-0.306961
2025-11-28,TCS,Test,50,2,HOLD,0.5093,EXTERNAL,0.337833,0.894194,1.232027,27.42,72.58,Reported_EPS,0.248866,Volume_to_MA20,0.172759
2025-12-01,INFY,Test,46,2,HOLD,0.4217,EXTERNAL,0.070112,0.76538,0.835492,8.39,91.61,Days_Since_Earnings,0.030782,VIX_Level,0.191194
2025-12-01,RELIANCE,Test,45,1,SELL,0.5289,EXTERNAL,0.52479,1.009742,1.534532,34.2,65.8,EPS_Surprise,0.3387,Normalized_ATR,-0.27977
2025-12-01,TCS,Test,53,2,HOLD,0.4541,EXTERNAL,0.267426,0.75779,1.025216,26.08,73.92,Reported_EPS,0.171462,VIX_Level,0.153995
2025-12-02,INFY,Test,47,2,SELL,0.4243,EXTERNAL,0.13377,0.548572,0.682343,19.6,80.4,Days_Since_Earnings,0.041216,Normalized_ATR,0.155972
2025-12-02,RELIANCE,Test,46,1,SELL,0.5118,EXTERNAL,0.496504,1.109373,1.605876,30.92,69.08,EPS_Surprise,0.304801,Normalized_ATR,-0.3936
2025-12-02,TCS,Test,54,2,HOLD,0.4037,EXTERNAL,0.238194,0.811335,1.049529,22.7,77.3,Reported_EPS,0.158295,VIX_Level,0.258606
2025-12-03,INFY,Test,48,1,SELL,0.4078,EXTERNAL,0.122527,0.641674,0.764201,16.03,83.97,Days_Since_Earnings,0.032619,Normalized_ATR,0.153337
2025-12-03,RELIANCE,Test,47,1,SELL,0.4054,EXTERNAL,0.477867,0.994975,1.472842,32.45,67.55,EPS_Surprise,0.29921,Normalized_ATR,-0.389851
2025-12-03,TCS,Test,55,1,HOLD,0.4178,EXTERNAL,0.244697,0.779847,1.024544,23.88,76.12,Reported_EPS,0.160215,VIX_Level,0.189467
2025-12-04,INFY,Test,49,1,HOLD,0.4681,EXTERNAL,0.080029,0.725386,0.805416,9.94,90.06,Days_Since_Earnings,0.042732,VIX_Level,0.222706
2025-12-04,RELIANCE,Test,48,1,SELL,0.5313,EXTERNAL,0.377035,1.143754,1.520789,24.79,75.21,EPS_Surprise,0.177586,VIX_Level,0.215827
2025-12-04,TCS,Test,56,1,HOLD,0.5768,EXTERNAL,0.237,0.977898,1.214898,19.51,80.49,Reported_EPS,0.131723,VIX_Level,0.187363
2025-12-05,INFY,Test,50,1,HOLD,0.5714,EXTERNAL,0.06819,0.936954,1.005144,6.78,93.22,Days_Since_Earnings,0.03953,VIX_Level,0.280895
2025-12-05,RELIANCE,Test,49,1,SELL,0.4837,EXTERNAL,0.354626,1.077728,1.432354,24.76,75.24,EPS_Surprise,0.182129,VIX_Level,0.255112
2025-12-05,TCS,Test,57,1,HOLD,0.6434,EXTERNAL,0.246302,1.052434,1.298736,18.96,81.04,Reported_EPS,0.138533,VIX_Level,0.247511
2025-12-08,INFY,Test,53,1,HOLD,0.4599,EXTERNAL,0.072917,0.702456,0.775372,9.4,90.6,Days_Since_Earnings,0.044334,VIX_Level,0.272227
2025-12-08,RELIANCE,Test,52,1,SELL,0.4315,EXTERNAL,0.484371,0.918521,1.402892,34.53,65.47,EPS_Surprise,0.286545,Normalized_ATR,-0.316598
2025-12-08,TCS,Test,60,1,HOLD,0.6053,EXTERNAL,0.250218,0.78406,1.034278,24.19,75.81,Reported_EPS,0.13748,VIX_Level,0.240986
2025-12-09,INFY,Test,54,1,SELL,0.4861,EXTERNAL,0.140129,0.765232,0.905361,15.48,84.52,EPS_Estimate,0.036643,Normalized_ATR,0.137163
2025-12-09,RELIANCE,Test,53,1,SELL,0.4676,EXTERNAL,0.439781,1.034552,1.474333,29.83,70.17,EPS_Surprise,0.225139,Normalized_ATR,-0.306015
2025-12-09,TCS,Test,61,1,HOLD,0.4405,EXTERNAL,0.246617,0.639825,0.886442,27.82,72.18,Reported_EPS,0.144274,VIX_Level,0.179117
2025-12-10,INFY,Test,55,1,SELL,0.4536,EXTERNAL,0.146766,0.620148,0.766914,19.14,80.86,Days_Since_Earnings,0.044866,Normalized_ATR,0.160047
2025-12-10,RELIANCE,Test,54,1,SELL,0.4477,EXTERNAL,0.466553,1.011277,1.47783,31.57,68.43,EPS_Surprise,0.251468,Normalized_ATR,-0.234415
2025-12-10,TCS,Test,62,1,HOLD,0.4295,EXTERNAL,0.297985,0.77609,1.074074,27.74,72.26,Reported_EPS,0.173712,Volume_to_MA20,0.197559
2025-12-11,INFY,Test,56,1,SELL,0.4856,EXTERNAL,0.148567,0.718167,0.866734,17.14,82.86,EPS_Estimate,0.043022,Normalized_ATR,0.156038
2025-12-11,RELIANCE,Test,55,1,SELL,0.5336,EXTERNAL,0.40281,1.087389,1.490199,27.03,72.97,EPS_Surprise,0.189618,VIX_Level,0.29177
2025-12-11,TCS,Test,63,2,HOLD,0.3875,EXTERNAL,0.237965,0.748432,0.986398,24.12,75.88,Reported_EPS,0.128259,Volume_to_MA20,0.146014
2025-12-12,INFY,Test,57,2,SELL,0.5025,EXTERNAL,0.145657,0.747029,0.892687,16.32,83.68,EPS_Estimate,0.043076,Normalized_ATR,0.175518
2025-12-12,RELIANCE,Test,56,1,SELL,0.5825,EXTERNAL,0.380099,1.120147,1.500246,25.34,74.66,EPS_Surprise,0.191574,VIX_Level,0.2894
2025-12-12,TCS,Test,64,1,HOLD,0.4336,EXTERNAL,0.286441,0.80103,1.087471,26.34,73.66,Reported_EPS,0.189089,Volume_to_MA20,0.213659
2025-12-15,INFY,Test,60,2,SELL,0.4759,EXTERNAL,0.142913,0.79086,0.933773,15.3,84.7,EPS_Estimate,0.045901,Normalized_ATR,0.165525
2025-12-15,RELIANCE,Test,59,1,SELL,0.5584,EXTERNAL,0.380044,1.066082,1.446126,26.28,73.72,EPS_Surprise,0.190613,VIX_Level,0.240613
2025-12-15,TCS,Test,67,2,HOLD,0.4552,EXTERNAL,0.316359,0.806725,1.123084,28.17,71.83,Reported_EPS,0.167625,Volume_to_MA20,0.266625
2025-12-16,INFY,Test,61,2,SELL,0.4767,EXTERNAL,0.119702,0.62612,0.745822,16.05,83.95,EPS_Estimate,0.044433,Normalized_ATR,0.160686
2025-12-16,RELIANCE,Test,60,1,SELL,0.5988,EXTERNAL,0.422822,0.96051,1.383332,30.57,69.43,EPS_Surprise,0.211095,VIX_Level,0.245844
2025-12-16,TCS,Test,68,2,HOLD,0.4245,EXTERNAL,0.295742,0.753537,1.049279,28.19,71.81,Reported_EPS,0.139332,Volume_to_MA20,0.165231
2025-12-17,INFY,Test,62,2,SELL,0.4331,EXTERNAL,0.118326,0.619401,0.737727,16.04,83.96,EPS_Estimate,0.047075,Normalized_ATR,0.135003
2025-12-17,RELIANCE,Test,61,1,SELL,0.5156,EXTERNAL,0.372801,0.894114,1.266916,29.43,70.57,EPS_Surprise,0.201462,VIX_Level,0.228849
2025-12-17,TCS,Test,69,2,BUY,0.405,EXTERNAL,0.167942,1.520677,1.688619,9.95,90.05,Reported_EPS,-0.108191,Rolling_Volatility_20d,0.7517
2025-12-18,INFY,Test,63,1,SELL,0.4631,EXTERNAL,0.117008,0.837107,0.954114,12.26,87.74,EPS_Surprise,0.027999,Bollinger_PctB,-0.161786
2025-12-18,RELIANCE,Test,62,1,SELL,0.4408,EXTERNAL,0.380066,0.966414,1.346479,28.23,71.77,EPS_Surprise,0.199114,VIX_Level,0.248864
2025-12-18,TCS,Test,70,1,HOLD,0.5098,EXTERNAL,0.299816,0.856152,1.155967,25.94,74.06,Reported_EPS,0.155156,Bollinger_PctB,0.179458
2025-12-19,INFY,Test,64,1,SELL,0.419,EXTERNAL,0.132035,0.790017,0.922052,14.32,85.68,EPS_Estimate,0.031098,Bollinger_PctB,-0.156308
2025-12-19,RELIANCE,Test,63,1,SELL,0.6056,EXTERNAL,0.427189,1.087256,1.514444,28.21,71.79,EPS_Surprise,0.21125,VIX_Level,0.316604
2025-12-19,TCS,Test,71,1,HOLD,0.4577,EXTERNAL,0.267436,0.793762,1.061198,25.2,74.8,Reported_EPS,0.137737,VIX_Level,0.189716
